PRODUCT_KEY,PRODUCT_NAME,PRODUCT_ID,PRODUCT_COST
9e224b15-8ec0-3244-b4de-e266206dfcd3,Dr. Carley Reinger,1,8
044de0fa-1675-3bd2-8192-afc06d282316,Monica Upton,2,3
ff1daecf-1fd5-3161-9e3c-fbe2ed5f443b,Cleveland Green,3,7
f7f437ca-481f-3b3a-9dc3-db30a1d92a46,Brenna Boyle,4,9
52085d5f-b842-3b2b-9b71-88957212e7a4,Mallie Leuschke,5,8
74f3c74b-03d1-3444-8930-452df6a40c0a,Prof. Dorcas Auer,6,4
88dbc54a-b6f3-3e27-b740-4e997bce737d,Lucienne Ryan,7,3
af03ee89-3a5f-3097-8049-4582eb4dadb3,Treva Kozey,8,3
80d36bb5-fa52-37bc-9f9c-5dc2d089a14d,Emanuel Streich,9,2
9f21962c-5d85-3a6a-9f54-393547d6ee5b,Mr. Rolando Prohaska,10,8
6a512a34-9a42-393a-968a-992943f4dcd4,Talon Greenfelder V,11,3
081348b3-0586-34fc-baaf-22f019642fe1,Dr. Everette McGlynn Sr.,12,9
ffca87c2-defd-3361-bb2b-5d258f5385ec,Carli Ledner,13,4
2ebee7bb-72d0-3bbb-b0cf-28976c7f345a,Pearl Anderson,14,8
9bca9b79-2904-3810-9290-8c0ee203cd98,Edward Stark,15,4
f459c52b-584d-343c-803b-70a8c4d25548,Terence Hilpert,16,8
c430c602-a216-37ef-b0d4-000f74e4be79,Charles Ruecker,17,8
ced13a6f-88a8-3a14-85a8-5f169d8926f2,Donnell Goldner,18,3
021becf5-ee82-331c-818b-bf99cabf4e4b,Hudson Bradtke DDS,19,9
e10b3c5d-fa4e-3a04-b5fc-ede99f310328,Miss Kaitlyn Hill V,20,8
b3712386-02e8-34a8-8392-81c85c53607f,Prof. Brody Schuppe,21,9
72b82e70-8f5c-3174-8ffb-48d6ef08df42,Kathlyn Conroy,22,8
a4dbd1a6-8836-32e8-95f4-45b075e12b65,Zola Douglas,23,4
c97672b4-c978-3a3b-8f51-d57b240320fa,Winifred Nienow,24,8
4e09eeff-b2a7-35d9-a8a2-54d3701f1ae1,Quinton Howell,25,6
6f31329f-cf49-3e4a-90cd-3d2f905fb4c1,Buck Friesen,26,7
1fe81bee-ea44-3ec1-b5cc-abacfa160e20,Cecile Beer,27,8
d13195d8-1bbd-3d47-a176-33094fbad92c,Madeline Cummings,28,5
08a340b1-c379-3ddf-bd3e-865a4c66bea2,Kayden Ward,29,9
7ac879fa-a32d-394c-bbd5-384f82d3cb78,Ms. Maritza Pagac,30,5
fe9b7ec2-eb25-3257-a331-b997bce2b519,Shanon Waelchi DDS,31,8
a7ef39cb-b58a-300c-9d88-1672095260d9,Prof. Jacynthe Rosenbaum,32,7
526517ad-9f9c-372d-b29c-d4bdf930d1ab,Lucius Mayert,33,8
32a532ed-4b89-3ee8-96a6-460c68ba8bc1,Madilyn Rau,34,5
ee00a6ec-c588-35d6-b707-90f70c4d0aa7,Bailey McGlynn,35,7
a64bf266-3f6a-37ec-99f9-827587e0ce14,Wellington Raynor,36,6
610cf286-67d1-37f8-b010-12fe44ce8ded,Prof. Taylor Monahan Jr.,37,3
0e54ed21-0775-31c3-b38c-4e811ce07d40,Marcelle Rodriguez,38,9
b362a083-86a6-3615-9f48-a64e7b034a32,Ronny Prosacco,39,5
563d3fec-afe1-3e10-b91e-71faec4dd9ce,Nicholaus Kuhlman,40,2
5dda573e-00e2-35f4-8470-52b44c085b61,Morgan Wilkinson,41,3
dda4cb0a-2681-3df1-9503-ff1beca788c6,Alanna Murray,42,9
ac15b9c2-d2d5-3373-8450-a9176e1e3711,Dayna Connelly,43,2
d93c989a-aaf5-3be0-ac5d-048f29c54178,Beau Lockman DVM,44,3
a9ec70da-8b54-313e-a5e4-29e0d4228bc8,Adrian Effertz,45,4
5c574908-b26a-3ae7-8950-9290b1450527,Alfonso Smith I,46,4
12562779-4320-3bb4-8f71-0cbee7968c93,Libby Boyle,47,9
de235535-653f-398f-93c2-480ec24443b1,Ms. Elva Mills Sr.,48,3
d201e64b-3a5a-3175-b92e-44561fde4d8e,Marquis Kuvalis,49,4
e7d2af66-16ca-3f9f-a092-c0d72ce00462,Rahsaan Reichel,50,6
139d2dab-bfd5-3ef5-a8ca-b8864c486b9e,Ava Dicki,51,4
c96f5cd7-3cda-3f30-9a7e-3b0d9ccec6da,Ashly Frami,52,7
c482469f-f6f6-31df-8fc4-e96748cb2a8c,Marvin Wisozk,53,8
14d0caea-5269-315e-9366-bd066d7508b7,Annabel Barrows,54,2
c1fa645d-9a55-3366-b66d-e886c415039a,Ted Kautzer,55,4
4795f14d-96fa-3778-b199-302b9b9fdce9,Dr. Hilton Brown Jr.,56,8
ef376dbc-e7d7-30b7-a618-638883bff01b,Prof. Bennett Reichert,57,2
3ad06b5e-206e-3481-856b-8625199a78e0,Miss Kaycee Grimes,58,9
d367464b-a4f8-3fbf-a166-a0091436fc68,Prof. Kaia Yost MD,59,7
e0351227-a9b9-3fe4-b7a9-51d371f08e66,Austin Abernathy,60,6
eea5694e-73d4-37a6-9c30-6cd577e2b830,Miss Mona Bruen I,61,7
732fdb8a-b92d-3552-bc72-ecf688c1e3d7,Eduardo Beier Sr.,62,7
043d2506-b8e4-3065-871f-1ad4f3d60521,Jordyn Dickens,63,3
18aacc12-1b3c-3855-b89b-685bcf31dca8,Mr. Ian Rohan,64,8
037907a7-0821-367f-8bbf-a26508c6e083,Scot O'Reilly,65,7
ef9aa86c-9297-3366-ae50-ad19ef0f2324,Hayley Welch,66,7
c6a65cc4-686e-372d-b846-65596beaadfc,Mrs. Audrey Jacobson,67,4
350be1d3-b8a0-30f1-8b5f-da9b275f4621,Gabriella Morissette III,68,5
a99e0a0f-463c-3a4a-8619-023857ce2de5,Dr. Mercedes McKenzie,69,3
7912d70f-9243-3743-af09-b290ef89e0bb,Prof. Darion Jacobs,70,8
a620cb4a-bdb2-3ce7-8de0-2abd6c1038ed,Nya Kozey,71,8
1224e691-6b8c-3287-9160-1c06d3307050,Miss Ava Treutel PhD,72,9
ef8cb37c-799d-3523-9706-28d5790bd1d2,Luther Zieme,73,9
cad187a6-e14a-3631-b9ac-73822a676681,Petra Wolf Sr.,74,3
b063fcd3-f1f5-3e94-8784-9bd062e75ce1,Matteo Ankunding,75,8
5d474972-9e9b-315f-a06e-33983c641c3e,Prof. Abdul Feil Jr.,76,7
f4220a1d-16a4-38d8-985d-26964e21d3e7,Luigi Grady I,77,3
b5eb8b48-7e84-3fea-a306-0b1fcf3f1d83,Claire Waelchi,78,8
7bd3f2e1-b216-317c-b73c-461e5f365ad5,Grover Kulas,79,3
043a9bf2-d95a-3823-b230-cf0c6a507142,Sedrick Little,80,3
b0439fa6-c359-3d17-9a96-2c38f32bee07,Armando Dach MD,81,3
48143d1e-0be2-3d86-b6ef-afa6b915f407,Mrs. Amira Harris,82,8
3bd37053-b74f-3249-9349-ac12b5b6c6c4,Breanna Bernhard,83,6
e83599e2-3199-30e9-be20-9378326a222a,Mrs. Ethelyn Prosacco IV,84,9
ed561121-e653-383b-9948-5664632cf81c,Boyd Marvin,85,8
baf1fe40-c124-3bcf-a724-364456605782,Lyda Schmidt PhD,86,6
c67b3fc2-87ba-3335-8672-0262d057ec86,Kurtis Howe,87,3
6511125d-536c-3cdd-ab90-9e660290f572,Bertha Towne,88,3
430ff960-0c5a-3528-b75e-8385482608c1,Cristopher Fadel,89,5
509c7b4d-97ba-327c-83f3-14650dce1493,Roosevelt Metz,90,3
539d3564-b821-3d96-8316-ba5225ab4268,Andre Funk,91,4
f074baf4-82fe-3324-b467-4c86bb0d27f5,Bryce Legros,92,6
d2041ab7-7e94-3d71-bc8f-67bfa2f86721,Kennedy Kunze Jr.,93,2
0b972e0d-54ea-356f-a964-839e8788a1aa,Prof. Griffin Larson,94,9
ecbd6971-5750-3dfc-bfc7-ac710786fd7b,Hugh Weissnat MD,95,3
a70ca42d-b173-3952-891c-9490b78973d1,Christina Conn II,96,3
2e1baba3-3287-3f2d-b415-997bc62acd3d,Johnson Gulgowski DDS,97,2
4362f4b1-636c-33f2-b154-fe28aa1092df,Mitchell Boyer,98,8
422b3417-0ed9-3fd6-bd41-d828c096f5f6,Prof. Kelly Gibson,99,9
076646e8-430c-3ea8-8848-fb436984a5ac,Carey Gerlach,100,9
