STORE_KEY,STORE_NAME,STORE_ID,STORE_LOCATION
44ebadfa-74ef-365c-b4ea-98c5d9f83de4,Prof. Melisa Greenholt I,1,"4573 Kub Parks Suite 770 Beahanport, ND 60868-1591"
296d58c3-c7fe-3a0e-aa15-686e4bb69654,Carter Ruecker,2,"381 Afton Stream Apt. 308 North Raul, KS 31202"
a21d3353-d4cb-3417-9bcc-55d18c83294d,Freddie King Jr.,3,"1125 Alexandra Lane
New Irving, KS 85325"
ce21d709-fc09-3381-b523-c0af2c7b3b7c,Mr. Devon Berge I,4,"4598 Donald Trail
Friesenbury, TX 95518-8987"
62ad01ce-753c-3002-801d-82c11ad5d9b7,Mr. Richmond Rosenbaum DDS,5,"640 Cormier Burgs
New Kamren, KY 92880-6012"
28437308-092e-3ece-af31-eac77e0697df,Dr. Jeanie Durgan,6,"822 Denesik Inlet Apt. 489
New Marcellafurt, MT 48451"
a0557e66-5dc0-3619-8d96-c8dcc9e10df7,Lelia Pfannerstill,7,"865 Swaniawski Trace
Williamsonton, OK 57418"
8cc51839-0101-3a10-9201-aeef714a9f21,Allene Braun,8,"61562 Leannon Burg
Goldnerburgh, MA 66824-1984"
a9eed8ab-3c47-30ae-9a87-7f1a1426eec6,Miss Kayli Abernathy,9,"3202 Boyer Ridge Suite 968
Malvinafurt, MD 04424-9819"
911193a5-0b43-36c4-836c-ae202891f29e,Imelda Hackett,10,"25944 Yost Junction Suite 865
Chazside, WY 80263"
788bcb89-f1d4-377e-925e-d4cc585988df,Dr. Nakia Emard,11,"1487 Bartell Flat Apt. 783
Remingtonside, MS 70950-0272"
ce6815dc-a202-3c1f-9d39-831b925d36c8,Stan Luettgen,12,"268 Charlie Roads
Port Keelyborough, TN 80114"
24c230ea-87a1-327d-aaa9-c9b52ecd5d70,Horacio Bosco PhD,13,"5933 Deja Rue
North Aishafurt, HI 23252"
84e96658-6e77-3796-ac15-ccb99634fb27,Bernie Runolfsson,14,"320 Goodwin Walk Suite 540
East Bertram, MD 07252"
abcbc61c-b7e1-3802-919c-3aaf3295374f,Bart O'Connell MD,15,"212 Houston Stravenue Suite 108
South Andreaneland, IL 99936"
16e56d0f-5d18-3c04-a8be-f3ff994fef88,Tia Marvin PhD,16,"774 Grady Square
Feestbury, TX 53354"
4306607c-d366-353d-982d-b2205f127e35,Filomena Leannon,17,"5602 Barrows Haven
Justynmouth, RI 06397"
65a379e9-3f69-31d7-a93d-19778ac0e2c9,Taya Bradtke,18,"138 Lisandro Isle
Parisfort, FL 97746"
9d6fb2ad-f345-3834-9f9a-e39460884da2,Brice Kunze,19,"705 Olson Mall
East Cleo, HI 36593"
d6539fa6-f7e5-3b8e-b646-620059830c27,Lottie Morissette,20,"4589 Marcelle Fields Apt. 701
Lake Brendamouth, CA 99094"
4164457a-3dfb-3905-8378-48a96a277e19,Rodrigo Stehr MD,21,"5617 Hansen Islands Suite 935
Lebsackfort, NE 68758-5060"
4dd7474e-7515-38d5-b33f-03416708b98a,Richmond Champlin,22,"989 Will Path
Aftonfort, OR 26462"
60b2ca04-c964-34a4-b6df-9a06015f6768,Miss Genoveva Pacocha I,23,"78233 Vandervort Tunnel
West William, NH 57521-1965"
4eed49b5-434f-3546-aef6-978c5025c8ee,Myra Stanton,24,"152 Rogahn Inlet
Terryside, VT 18315"
34683c71-bfe8-31ad-85c3-77f71e805c74,Vincent Gorczany III,25,"579 Stark Prairie
North Helmer, OH 24681-5829"
5842afeb-1c6b-3223-9b3d-88bfc9f9f7c8,Benny Stanton DDS,26,"9364 Anita Branch Suite 121
Bauchstad, WI 22979"
6937e208-d12c-391c-9410-fe007e622845,Ruthe Hauck,27,"76455 Haven Flat
Kaylinstad, PA 78688-7857"
30b62cf6-d14a-38f2-8063-1e28cf546f7b,Beau Berge,28,"551 Lorna Hills Suite 189
North Chynashire, MN 37299-4506"
798812a0-d272-3f8f-8423-002d0ab89709,Modesto Bashirian,29,"72428 Halie Greens Apt. 035
Lake Edgartown, AK 97415"
8926e8b8-45a4-3166-99c8-e479617b1efd,Prof. Mckenzie Schuppe,30,"5969 Ebert Ford
West Flavio, OK 54678-9157"
5835cda3-9d16-3371-932d-3819df710b40,Theodora Monahan,31,"3180 Betsy Shore Apt. 773
North Eldredmouth, CO 72360-9818"
8722c36b-d802-36d5-a351-d7d8ed3b6261,Moses Monahan,32,"23889 Koch Plaza
East Darwin, MO 74750-2005"
44351419-5a2c-36c3-ae0a-44ac1074eb1f,Haven Kassulke,33,"272 Moore Trail Suite 701
Runolfssonton, NM 48122-3934"
3a011d93-6c89-3ec9-a9cb-dfb587570424,Scot Oberbrunner,34,"41741 Klocko Village Apt. 521
Auroreton, NY 53402"
8688833a-6661-3e75-98fb-0dedb3cb2298,Mr. Junior Runolfsdottir,35,"33622 Schmidt Islands Suite 422
Port Efren, AL 89336"
b08c5406-a978-375b-8ee5-e27be5f8d5b2,Dr. Enola O'Connell,36,"44662 Corwin Prairie Suite 105
East Minerva, GA 71416"
591ab48c-a002-3d1d-8ba0-0d8050ca4f28,Celine Swaniawski,37,"1325 Walton River
New Rayburgh, CO 92008"
25bd943f-2e30-3105-a241-fc4ac2ed09c6,Darrel Ward,38,"3954 Giovanni Glens
North Mose, RI 05237-2371"
80802eed-6e3d-362d-82c3-69db808208c7,Mr. Jamar Ernser II,39,"21102 Marks Course Suite 376
Jaskolskichester, RI 92100"
d3722a0f-8d35-3eb4-a7a5-ed8d6c185cf7,Dr. Kitty Marks,40,"276 Frederic Center Suite 615
Edgardobury, AK 35060"
152798d0-fc5d-37bb-8f39-0c39beb87545,Mariana Cruickshank,41,"5544 Brakus Drives Suite 141
East Margeton, OK 83368"
6627c2aa-514f-3e79-91e0-85bca54aa5ed,Deborah Swift III,42,"57997 Romaguera Courts Apt. 573
Ellatown, LA 71382"
b47d80a4-bb2a-3043-88fd-b27f821506f0,Yasmine Rosenbaum,43,"4584 Lang Plaza
North Jasenview, RI 66019"
3fdc1b89-1535-3759-aa99-fd722f521159,Mr. Dedric Balistreri,44,"69934 Jacobi Valley Suite 134
Heidenreichbury, NC 77497"
f30218c3-0c3e-35a8-86cb-6c12bc1c73f9,Daron Hackett V,45,"916 Jacobs Island
Port Tierra, ID 50655-0768"
8d9dd115-ef2d-3390-8816-dd77470e75d3,Eriberto Gusikowski,46,"35251 Marvin Loop Suite 110
New Blanchetown, AL 01540-4753"
8dddbe57-cc52-3090-b7e1-82ab774d3414,Jamarcus Roob PhD,47,"6105 Letha Islands
West Deliaborough, RI 83255-9890"
72045ec3-7648-34cf-88ba-3a172d959246,Alessia Aufderhar,48,"69918 Hill Crossing Apt. 737
Hendersonland, HI 39788-4870"
82a69dad-f492-392c-bd2f-f041a14de753,Jazmyn Reynolds,49,"2548 Hermann Parkways Suite 595
West Billyview, IN 09300"
6ae2f8f4-795b-379d-b59d-fabea18f9d6b,Emmie Roob I,50,"2313 Arvel Haven Apt. 130
Allyview, CO 93981"
fc3b52bd-0b49-37cf-b65c-3befeb115a7f,Prof. Domingo Schamberger,51,"8671 Herzog Circles
Katelinfort, AL 65842-9822"
52328dd5-9249-3937-a698-9d522543a65a,Adriel Prohaska MD,52,"42127 Hills Groves
New Freddiemouth, CT 92560"
0bb38749-5dcc-3854-bf1b-a2c86e2c24b9,Esta Ritchie,53,"910 Deven Keys Apt. 281
Port Fleta, AZ 31292-3038"
717a3908-cb7f-38e2-a16a-a53002b3d4e0,Dejon Armstrong,54,"70670 Domingo Burg Apt. 116
Port Ernest, KY 39540-2204"
223c0fb6-02fb-3bb9-8fcf-b10eb0e0485c,Mona Ryan,55,"45530 Dashawn Manors
Port Fleta, NC 90488-7239"
29592beb-5a1b-3658-a66b-e5860bfdef3a,Ludie Stracke,56,"65634 VonRueden Stravenue Apt. 159
South Elliot, DE 40430-9025"
c92bb3c8-212c-3f88-b342-c99327f38a43,Issac Maggio I,57,"426 Olson Knolls
West Daphne, AL 85626-0746"
881c1cea-e610-3967-8f08-629d1c99acf9,Dr. Arnold Quigley Jr.,58,"74982 Pearl Ferry Apt. 712
East Allen, UT 90372-7113"
e1ef22f4-0245-3c0e-8168-03ac6bbc530f,Mr. Mackenzie Hermiston,59,"7314 Humberto Locks
New Ezequiel, AZ 89259-5454"
104db44d-fa3f-33df-9b2c-fd2f1413bf9a,Maudie Steuber,60,"820 Ethan Spur Suite 412
Leahaven, SD 16296-0370"
afb0e227-01ea-3365-8aab-a82005b4d11c,Cristian Dietrich,61,"107 Evan Plain Apt. 941
Lianatown, SD 89097"
e274148e-87c6-30a7-9068-cf720628b72f,Prof. Ashley Langworth,62,"9421 Eldridge Stravenue
Randalland, TX 55374-8480"
956c1d9f-1b14-3e0d-b419-4ce658d08a01,Prof. Cale Pouros DDS,63,"4124 Nellie Cliffs Suite 084
East Geoffreyside, WI 98482"
919f436d-f93a-393d-8f59-dc37a621bbd9,Carolanne Rau,64,"243 Schultz Point
Altenwerthfort, TX 07447"
9d12ffa8-3db0-39dc-85b3-4c692466bf33,Hubert Walker,65,"10330 Kacie Springs Suite 344
Millertown, VA 76386"
49b63247-77c1-31da-acf5-7c4d0367548e,Isadore Brekke,66,"69211 Nitzsche Forest Apt. 042
Naomieton, DC 17957-6227"
6ae09cf2-06db-3b11-b2da-561af4d20907,Ressie Leuschke,67,"65029 Smitham Grove
Erickaborough, MS 03916-9996"
2dcb7790-7d04-3805-ba42-f42287ff6cb3,Mrs. Mikayla Considine III,68,"70257 Konopelski Junctions
Port Nyahview, IL 34394-9343"
519eb701-3451-3ff3-97c6-eccfac470b96,Prof. Regan Ernser III,69,"86820 Quigley Hill Apt. 802
Batzhaven, NE 07297"
a2a63b90-1d9c-33e9-8a9f-6fdd044fa79a,Cyrus Dickinson,70,"370 Nikolaus Center Suite 957
New Danielle, SC 96675-1236"
a1eadc18-ce2a-396c-8a48-a0c36313865b,Ms. Kaylee Waelchi,71,"2190 Kayden Gateway
East Maeveborough, VA 90089"
23381d87-f110-3dc2-ae9b-20c774e64ba7,Talia Fritsch,72,"771 Madison Place Suite 162
Lake Lauryn, VA 30416"
3826ee43-086d-3fc9-a8b6-59b095068994,Ms. Dawn Gorczany II,73,"32167 Daisy Groves Apt. 167
North Lanceside, NE 74922-2946"
21682157-d5bc-3c5c-b0a5-3898e0d7c41c,Gwen Sawayn II,74,"105 Moen Wells
Kovacekbury, OK 84704-6211"
606ded8c-82f1-3cd1-a79d-44f750b0bc70,Rodrick Lynch Sr.,75,"3839 Ashly Village
New Abigail, CT 62141-1835"
f9885f9a-8a5b-3598-adf9-dfd322388f42,Berneice Wunsch,76,"968 Brianne Ramp Suite 859
Hermanton, NJ 40633"
01be3929-edcd-32ae-a006-f0cfd45f3e94,Ebba Hintz,77,"4559 Doyle Plains
Giuseppebury, NH 40107"
2dc1198b-12d0-3f23-8c55-57d2b354bb3e,Ms. Skyla McDermott V,78,"3049 Lavinia Skyway
Marquardtfort, NJ 06845"
2f02d1ca-f94a-3a6c-91b0-8f1616d98cac,Jarvis Toy,79,"56981 Noemie Summit
Millertown, ND 59398"
b1a5450a-f867-3018-9665-213d2b5ac262,Caleb Morissette,80,"94673 Renner Squares
Stehrville, MN 13937"
0341e7e3-3de1-3d8c-b719-fe351461c397,Aliyah Cummerata,81,"8586 Keaton Walks Suite 156
Altheaview, VT 54763"
6f63e029-79cd-3be4-8e4e-55593a00e648,Prof. Greg Balistreri II,82,"639 Runolfsson Ranch Suite 363
Lindgrenmouth, ME 32072"
f82b44eb-cb33-3fe3-9a27-00b414963650,Myriam Lindgren,83,"54829 Hoppe Mall Suite 297
South Cayla, IN 31521-2338"
39b1aab0-3493-3af4-aacd-543bdf384aff,Jarrell Dicki,84,"725 Melissa Tunnel
Arnulfochester, NE 39067-4481"
33fc3d67-0db8-3720-a79c-61459635706d,May Schimmel IV,85,"57555 Arvid Land
Lake Samville, PA 09821"
a37c8b78-aa85-38d3-a8df-65dede63b79c,Mr. Kennith Halvorson,86,"67921 Jerrod Islands Suite 559
Lake Elijahmouth, NV 01339"
22b45043-6a37-3f23-bfbe-d8a03281c6e3,Monserrat Harris III,87,"874 Langworth Mountains
North Jasen, MA 02150-7327"
6a18a5d9-522b-339a-b414-edac168167f6,Edwina Metz,88,"2561 Williamson Corners
South Ahmed, AR 56182"
a902c7db-5a67-3408-bc39-cbdb816c428f,Freda Johnston PhD,89,"8595 Dickinson Circle
Jeffrystad, MO 01654"
7a6552b7-d130-3b4f-8f45-2a21c98273b7,Loyal Nolan,90,"887 Berge Springs Apt. 888
Kaseychester, FL 80949"
2955b77e-e23f-37bd-b168-c6e48ac7b1a5,Dr. Keyshawn Gleason,91,"365 Lora Green
Port Maybellechester, IN 15653"
e50b8faf-5ebe-32e8-b1bd-8643044ac9b6,Joyce Hirthe,92,"71769 Jocelyn Orchard
North Theostad, OR 94395-0500"
db3f0ca6-47b3-39e5-b0a3-88e846223174,Prof. Cordie Schroeder Jr.,93,"26220 Johnson Cape Suite 398
Hesselstad, MD 39569"
47c26595-e4a1-307d-afc3-1dd9003f8a69,Ford Streich,94,"39446 Francisca Walk
North Kaelahaven, NY 96227-0608"
b7a2e2a8-c7d4-35a1-ae69-19dbd7af332c,Lilliana Stark,95,"6468 Jenkins Causeway
Stewartside, OK 40902-4709"
3422dbf2-3f28-35f5-a509-2d3988042691,Prof. Ignatius Smitham,96,"563 Mortimer Terrace
New Eviemouth, NJ 18809"
fdc95d62-c70f-3905-b3e5-ffa0ddefdba9,Yasmeen Farrell,97,"877 Mable Lodge
Samantahaven, TN 52829-5970"
6baecae7-dff2-3e42-8fef-5a6eb405dac8,Sid Prosacco,98,"7360 Stracke Cove
South Dannieside, DC 54564"
0f709770-ca4d-3eb0-af50-b6699da144ee,Pablo Kuphal,99,"63303 Hiram Divide
North Jaylin, ID 56806-7126"
95c43c1f-f2e3-3f49-beff-1045bab56324,Margot Davis,100,"2725 Eleanora Key
Victoriatown, SC 95429"
