Name,ID,Employer
Abner Hamill,1,Weber-Hansen
Tobin Schuppe DVM,2,Flatley PLC
Chad Nitzsche MD,3,Maggio-Hettinger
Armand Koepp,4,Fisher LLC
Mr. Grover Kirlin PhD,5,Towne LLC
August Kessler,6,Farrell PLC
Mr. Chester Miller Sr.,7,Hartmann-Kunze
Kiana Cole,8,"Lang, Nitzsche and Kuhic"
Madge Gutkowski,9,"Stoltenberg, Hudson and Bernhard"
Nedra Sporer,10,"Hammes, Ferry and Denesik"
Dahlia Mayert,11,Gorczany LLC
Ramon Eichmann,12,Lindgren Inc
Braulio Goldner,13,Green Group
Mrs. Melisa McClure,14,Boyer Group
Prof. Rosamond Effertz II,15,Herman-Dickens
Miss Danielle Emmerich,16,"Torp, Zboncak and Howell"
Berry Shanahan III,17,Keeling PLC
Dr. Eriberto Toy III,18,Nader-Corkery
Prof. Krystel Muller,19,"Schmidt, Hackett and Ferry"
Miss Eulalia Streich Jr.,20,Christiansen-Simonis
Trisha White,21,"Rodriguez, Block and Simonis"
Mr. Mustafa Koepp II,22,Heaney Ltd
Lucienne Gibson,23,Eichmann-Kassulke
Leslie Stiedemann,24,"Rippin, Lebsack and Dooley"
Mckenzie Glover,25,Dickinson LLC
Elliott Abbott,26,Farrell-Hilpert
Miss Susie Schaden DVM,27,"Harber, Senger and Zboncak"
Adolphus Waters,28,Wehner LLC
Verlie Tremblay III,29,Franecki-Block
Fletcher Skiles,30,Bosco PLC
Isabella Dach,31,Kuvalis Group
Ted Collier,32,"Rolfson, Quitzon and Bednar"
Delmer Jacobs,33,Hudson Ltd
Nels Mueller,34,Crona and Sons
Mr. Brown Mraz III,35,"Schuppe, Paucek and Zulauf"
Miss Melyna Gislason Jr.,36,"Labadie, Strosin and Lesch"
Dr. Gregg Wisoky,37,Bosco-Fadel
Gino Hartmann,38,"Mohr, Gleason and Frami"
Ward Murray,39,Fisher-Satterfield
Una Russel,40,"Lesch, Dooley and Corkery"
Brendan Hudson,41,"Runolfsson, Skiles and Rutherford"
Prof. Milford Turner,42,Bashirian-Jones
Russell Windler,43,Gleason Ltd
Ms. Nannie Harris,44,"Senger, Marquardt and Rempel"
Graham Schulist,45,Hill and Sons
Federico Smitham I,46,Bednar Ltd
Courtney Konopelski,47,Kunze Inc
Angela Mills,48,"Wolf, Goyette and Brown"
Jordan Wunsch,49,McDermott LLC
Landen Kub,50,"Jacobs, McGlynn and Hackett"
Sven Heaney,51,Volkman and Sons
Manley Pfannerstill I,52,"Gerlach, McLaughlin and Jast"
Newell Auer,53,"Frami, Champlin and Nader"
Vena Pollich,54,Rohan-Robel
Esther Hermann,55,Zemlak and Sons
Emory Hermann,56,Yost-King
Maye Hansen,57,Simonis PLC
Abraham Hand,58,Little Group
Toni Mosciski,59,Sauer-Gleason
Hiram Prohaska Sr.,60,Cormier LLC
Felix Krajcik,61,"Kris, Bosco and Nienow"
Bianka Haag,62,Dicki-Nicolas
Ferne Murphy III,63,Balistreri-Hackett
Ms. Leta Pfeffer,64,"Jaskolski, Hayes and Nikolaus"
Autumn Huel,65,Effertz Ltd
Donald Senger,66,Klein LLC
Abbie Collier,67,"Stracke, Borer and Funk"
Mason Waelchi,68,Spencer Ltd
Deja Sporer,69,"Simonis, Daniel and Schuster"
Ms. Camila Dibbert,70,Heller PLC
Ebba Hayes,71,"Lynch, Moore and Ruecker"
Reese Borer,72,Howe PLC
Alex Walsh,73,Rippin-Stehr
Mr. Kennedy Grimes PhD,74,"Johnston, Raynor and Rempel"
Miss Dariana Hackett V,75,Block-O'Hara
Keanu Hodkiewicz,76,"Wintheiser, Goyette and Corwin"
Heaven Kemmer,77,"Schmeler, Miller and Shields"
Miss Suzanne Kris PhD,78,O'Conner-Casper
Daphne Thiel V,79,Reynolds Group
Frederic Goyette,80,Kilback and Sons
Gilbert Jakubowski,81,"Schiller, Lind and Bednar"
Gilbert Hilpert,82,Jacobs-Schaden
Bill Rogahn,83,Marks-Daugherty
Arvel Roberts,84,"Deckow, Hoeger and Murray"
Candice Morar,85,Heidenreich-Streich
Prof. Aurore Murray IV,86,Haag-Beatty
Margaret Bailey,87,Pouros Ltd
Alysha Rice,88,Robel Group
Terrance Ward IV,89,Kuhlman-Aufderhar
Beverly Stracke DVM,90,Homenick LLC
Mathias Hartmann I,91,McCullough-Conroy
Vern Skiles,92,"Osinski, Prosacco and Klocko"
Dr. Muhammad Grady,93,Rosenbaum-Fay
Jane Brown,94,Howe-Reilly
Zelda Mueller,95,Simonis and Sons
Mauricio Corwin,96,Kunze Group
Mr. Jasen Russel,97,"Hickle, Morar and Koepp"
Ms. Daisy Hudson,98,Lehner Ltd
Garnett Olson,99,Ratke-Franecki
Earline Paucek,100,Hermann Inc
Ezequiel Klocko DDS,101,Dare-Stiedemann
Justina Stiedemann,102,Emard-Schmeler
Serenity Schmeler Sr.,103,"Hudson, Champlin and Hermiston"
Bria Hessel,104,Rolfson-Bergstrom
Casimer Kessler,105,Haag and Sons
Prof. Jaime Daniel DVM,106,Cruickshank-Jacobson
Marcel Crona,107,Gutkowski LLC
Mr. Clark Bernier Jr.,108,"Dietrich, Ziemann and Ziemann"
Edwin McGlynn,109,"Cremin, Christiansen and Herman"
Constance Barrows,110,Mertz-Ankunding
Misty Ledner,111,"Jerde, Schmitt and Fay"
Lucious VonRueden,112,Shanahan and Sons
April Treutel,113,"Friesen, Lemke and Heathcote"
Prof. Jaren Greenholt,114,Wiegand-Prosacco
Prof. Maude Fahey Sr.,115,Hahn LLC
Orlo Lakin,116,Kuhlman-Will
Marcelle Fisher,117,Miller LLC
Litzy Bailey,118,"Beatty, Denesik and Rempel"
Graciela Ullrich,119,Breitenberg-Graham
Elise Mraz,120,West-Graham
Judd Veum,121,"Walter, Herzog and Adams"
Collin Hagenes,122,Sawayn Inc
Melissa Heller,123,O'Keefe PLC
Daryl Feeney,124,Hilpert-Schinner
Aditya Flatley,125,Dietrich Ltd
Shanie O'Hara,126,Mann and Sons
Graciela Hoeger,127,Witting and Sons
Willie Pfeffer,128,"Simonis, McLaughlin and Green"
Mrs. Lila Rutherford II,129,Daugherty-Kihn
Bennie Monahan MD,130,"Johnson, Kessler and Bogisich"
Dr. Estefania Lakin IV,131,"Murphy, Gaylord and Bode"
Jaylin Heller,132,Metz and Sons
Dr. Nick Littel,133,"Schneider, Tromp and Emard"
Griffin Osinski,134,Rath-Bosco
Keaton Tromp,135,Koss Ltd
Ms. Vida Willms,136,Willms PLC
Melba Hodkiewicz,137,"Mayer, Weimann and Hessel"
Prof. Maeve Rath,138,Reinger-Bergstrom
Francisco Powlowski,139,Hoppe Ltd
Theresia Jaskolski,140,Cronin and Sons
Antonette Klein,141,"Raynor, Toy and Hamill"
Modesto Lebsack,142,"Halvorson, Marvin and Davis"
Dr. Toy Keeling PhD,143,Buckridge PLC
Mohammed Hauck,144,"Ebert, Wiza and Fadel"
Dr. Flavio Heaney MD,145,Collier Ltd
Ila Wiza I,146,Koepp-Wintheiser
Johnson Lindgren,147,"Osinski, Hessel and Herman"
Dr. Sigmund Johns MD,148,Kovacek Group
Chauncey Becker,149,"Walter, Wilkinson and Grady"
Meredith Renner,150,Ferry-Bergstrom
Era Tremblay,151,Hansen Ltd
Joshuah Stoltenberg,152,Hegmann-Zulauf
Blake Daniel,153,Yost-Keebler
Dayton Feest,154,"Mraz, Kuvalis and Pfannerstill"
Ima Will,155,Bins-Gorczany
Daryl Ullrich,156,"Schmeler, Zboncak and Reynolds"
Seth Gutkowski,157,"Jacobi, Sipes and Rutherford"
Guiseppe Bosco,158,"Wuckert, Howell and Bauch"
Prof. Kaya Little,159,"Welch, Crooks and Hill"
Kamren Stiedemann,160,"Schneider, Homenick and Lowe"
Madge Stamm,161,"Quigley, Yundt and Borer"
Miss Audra Hauck Sr.,162,Flatley-Veum
Francisco Abbott,163,"Greenholt, Robel and Schiller"
Eden Hills,164,"Botsford, Conroy and Carter"
Kaylah Kunze,165,Fahey-Spencer
Weldon Keebler,166,"Koss, Kuhic and D'Amore"
Casandra Wuckert Sr.,167,Crist LLC
Dr. Alysa Hansen III,168,Kassulke Inc
Dr. Eryn McKenzie DDS,169,Hill-Ziemann
Tanner Morar,170,Olson-Gutmann
Della Johnston,171,Runolfsson LLC
Alia Champlin,172,"Pfeffer, Kerluke and Towne"
Vanessa Corwin,173,"Wintheiser, Heaney and Hintz"
Schuyler Schiller DDS,174,"Cruickshank, Walter and Johnston"
Hosea Moore,175,"Waters, Marquardt and Wilkinson"
Jett Carroll,176,Beier and Sons
Delpha Hermiston,177,Roberts LLC
Prof. Bennett Brakus,178,Sanford Ltd
Moses Tillman,179,Lebsack Ltd
Dr. Jaunita Koss,180,Kilback-Carroll
Icie Larkin,181,"Kohler, Kohler and Gutmann"
Rylee Muller,182,McLaughlin-Harris
Ms. Cathrine Weissnat V,183,King PLC
Sim Gottlieb,184,"Powlowski, Rosenbaum and Feeney"
Elissa Howe II,185,Ortiz and Sons
Dr. Philip Johns,186,"Prohaska, Towne and Considine"
Johan Gulgowski,187,Bechtelar-Towne
Stefanie Mertz,188,Wiza-DuBuque
Emery Mayert,189,"Zemlak, Gerlach and Roob"
Prof. Kendall Lesch,190,Zboncak and Sons
Salvatore Flatley,191,"Smitham, Bruen and Corkery"
Nikolas Gutkowski,192,Price Group
Hermann Dooley,193,"Sanford, Effertz and O'Connell"
Harrison Bauch,194,Bosco-Cummings
Prof. Robbie Trantow,195,Dare-Steuber
Bart Rohan,196,Kilback-Bechtelar
Edwardo Weber MD,197,Skiles Group
Mrs. Esther Ferry,198,Block-Rosenbaum
Ara Rosenbaum,199,Lockman-Kessler
Jayce Heathcote,200,Lowe-Wunsch
Lisandro Spinka,201,"Jacobi, Koss and Nienow"
Mr. Travon Yundt,202,"Leannon, Olson and Greenfelder"
Addison Bartell,203,Macejkovic-Gleichner
Jeromy Hoeger Jr.,204,"Beahan, Hyatt and Hickle"
Kitty Kihn,205,"Collins, Kub and Emard"
Claudine Rogahn,206,Gleichner Ltd
Mrs. Kavon Hand,207,Reinger LLC
Clovis McClure,208,Johnston Ltd
Dave Rath I,209,Shields-Toy
Ms. Mallie Nikolaus DDS,210,"Reynolds, Beier and Wunsch"
Reanna Price PhD,211,Gutkowski and Sons
Nicklaus Bartoletti PhD,212,Satterfield-Williamson
Mrs. Molly Batz Sr.,213,Runolfsson-Hamill
Joseph Bashirian,214,"Becker, Conroy and O'Keefe"
Mr. Garry Harvey,215,Huels Group
Mr. Drake Daugherty Sr.,216,Mohr-Mills
Mrs. Pearline Schimmel,217,"Will, Conroy and Gottlieb"
Hershel Wolf,218,Bergnaum Ltd
Mrs. Martina Smitham II,219,Kub Inc
Kellen Daugherty,220,Hane Ltd
Prof. Shea Botsford V,221,Kuhic LLC
Dario Cruickshank MD,222,Becker Ltd
Dr. Omer Hackett MD,223,Boehm-Sporer
Prof. Nick Frami DVM,224,Rolfson and Sons
Natasha Kerluke,225,Schaden-Shields
Verla Littel,226,Gusikowski-Cummings
Prof. Rhoda Toy,227,Walker-Hudson
Blair Reilly,228,Schimmel LLC
Dr. Emile Huels,229,Padberg Inc
Prof. Christophe Schultz,230,Cronin Inc
Martine Wintheiser,231,Roberts-Hermiston
Royal Bradtke,232,Dach-Gerhold
Alden Grady DVM,233,Leuschke Group
Elva Stamm MD,234,Morar-Stiedemann
Merlin Johns,235,Lubowitz PLC
Estevan Kiehn I,236,"Reilly, Baumbach and Schulist"
Ms. Leta Roberts,237,Hettinger-White
Bart Schaefer,238,Kuhic-Gleason
Hope Lebsack,239,Brakus PLC
Lauren Trantow,240,Hansen-Hill
Prof. Emelia Lang MD,241,"Kuphal, Jenkins and Wyman"
Evangeline Koepp,242,"Crist, Reichert and Hamill"
Mr. Jovanny Doyle,243,"Jones, Runolfsson and Welch"
Prof. Jabari Ritchie,244,Boyle-McCullough
Imani D'Amore,245,Marquardt-Bruen
Prof. Naomie Bradtke IV,246,Steuber Group
Clay Douglas,247,"Lueilwitz, Collins and Rath"
Caitlyn Bruen,248,Keebler-Dickinson
Dr. Breana Kreiger DDS,249,Reichert Inc
Zoila Pouros,250,"Altenwerth, Runte and Kerluke"
Ned Gleichner,251,Macejkovic-Rodriguez
Trenton Durgan,252,"Botsford, Abbott and Gislason"
Hayley Corkery II,253,"Fadel, Dare and Krajcik"
Helen Stehr,254,Treutel Group
River Metz,255,Gutkowski Ltd
Odie Wuckert,256,O'Connell-Bruen
Melyna McDermott,257,"Hagenes, Parisian and Wolf"
Hoyt Erdman,258,Pollich Group
Charley Olson,259,Heaney-Wisoky
Carleton Medhurst,260,"Carter, Heaney and Gibson"
Prof. Alan Kuvalis,261,Brown Ltd
Afton Monahan,262,Hane PLC
Barbara Johns V,263,Cummings LLC
Liana Wisoky,264,Huel Group
Larissa Gulgowski,265,Ziemann Group
Dr. Wyman Hermiston,266,"Collier, Bins and Mertz"
Daron Fisher,267,"Feest, Leannon and Auer"
Jeremie Hodkiewicz,268,Maggio-Feeney
Layne McGlynn III,269,Witting-Zemlak
Gregorio Predovic,270,"Gleichner, Pfeffer and McGlynn"
Prof. Vallie Schumm,271,Carroll Group
Ms. Anne Kreiger,272,Yundt-Green
Marjory Baumbach,273,Ferry LLC
D'angelo Stanton DDS,274,Effertz-Morar
Dr. Nash Kohler IV,275,"Fay, Cummerata and Haley"
Veronica Franecki I,276,Grady-Beer
Rupert Pfeffer,277,Ryan LLC
Billie Keebler,278,Lockman-Daniel
Ms. Rowena Wilderman,279,"Johns, Pagac and O'Reilly"
Rod Fisher,280,"Wisozk, Rohan and Adams"
Casimir Schinner,281,Rice Group
Destiny Gerhold,282,"Hoppe, Bechtelar and Rodriguez"
Maxie Greenholt,283,Zulauf PLC
Mallie Ullrich III,284,Boehm-Lockman
Alverta Reilly,285,"Kling, Turner and Harris"
Ransom Labadie,286,Roberts-Romaguera
Herminia Treutel,287,Bauch Ltd
Carlo Collins,288,Blick-Shields
Dr. Abigale Orn,289,Gusikowski-Haag
Bridie Paucek,290,"Marks, Connelly and Nader"
Tevin Harvey Jr.,291,"Ziemann, Hayes and Harber"
Sydni Ullrich IV,292,"Bode, Bruen and Schinner"
Dr. Angela Weissnat,293,"Hane, Hintz and Kuphal"
Elinore Carter,294,"Farrell, Bogan and Hermiston"
Delphia Turcotte V,295,Nitzsche Group
Zelma Jakubowski,296,Lueilwitz-Kuhn
Creola Runolfsson,297,"Doyle, Okuneva and Toy"
Ollie Waelchi Jr.,298,Kirlin and Sons
Kelvin Doyle PhD,299,"Nikolaus, Batz and Haag"
Diana Brown,300,Corwin Inc
Prof. Michale Harvey I,301,"Homenick, Windler and Bashirian"
Dr. Kaleb Littel,302,Beier LLC
Frederique Kshlerin,303,Gaylord-Gerlach
Josie Schultz,304,Prosacco-Windler
Rosemarie Mohr,305,Abbott-Berge
Dr. Nigel Kuhlman,306,"Gibson, Senger and Schulist"
Prof. Neil Brakus I,307,Ferry Ltd
Sigmund Ondricka,308,"Sawayn, Hudson and Botsford"
Conner Stiedemann,309,Schiller LLC
Ms. Gerda Schroeder,310,Volkman-Brekke
Solon Rempel IV,311,Heaney-Paucek
Lina Gulgowski,312,Lind Inc
Gayle McGlynn,313,"Kuhlman, Schuppe and Davis"
Jaida Smith,314,Nienow PLC
Mr. Rollin Bechtelar Jr.,315,Herman LLC
Jennifer Blanda,316,Mitchell-Reinger
Georgette Schultz Sr.,317,Jacobi-Lehner
Nicklaus Von Jr.,318,Olson LLC
Vito Larkin Jr.,319,Koss Inc
Bud Kozey,320,Douglas-Keeling
Mellie Johnson,321,"Klocko, Zboncak and Kihn"
Fabiola Champlin,322,"Hane, Haley and Grant"
Vicky Rosenbaum,323,McDermott Group
Miss Amya Johns,324,Tillman Ltd
Murl Murray,325,Nitzsche Ltd
Jolie Hackett,326,"Smitham, Ratke and Crist"
Ms. Aubree Simonis IV,327,Corwin LLC
Carmen Batz DDS,328,Kiehn Ltd
Keon Schumm,329,Hamill Group
Mrs. Alexandra Goldner,330,Wiegand-Thiel
Kaden Bode,331,Jenkins-Fritsch
Gilberto Legros,332,Cruickshank-Hand
Mabelle Mitchell,333,Rippin-Sauer
Aiden Jast,334,Parker Ltd
Mathilde Upton,335,Gottlieb-Leuschke
Orrin Labadie,336,Hammes-Sipes
Mr. Mavis McLaughlin MD,337,"O'Conner, Sauer and Shields"
Daphnee Gibson,338,Pollich-Marvin
Niko Okuneva,339,Boehm PLC
Kamren Kihn,340,Barrows and Sons
Dr. Finn Hoeger III,341,Witting-Bernier
Prof. Maiya Runte,342,Hills PLC
Prof. Xzavier Goldner II,343,"Gleason, Jones and Balistreri"
Berta Satterfield,344,Abbott-Kshlerin
Ms. Lessie Nolan,345,"Kuhn, Langworth and Cassin"
Mrs. Laurence Mann IV,346,"Langosh, Koch and Sipes"
Danielle Metz MD,347,Brown PLC
Ephraim Grady,348,"Heidenreich, Pollich and Romaguera"
Kameron Skiles,349,Steuber-Kertzmann
Astrid Friesen,350,Nolan-Doyle
Zoie Kerluke,351,Kunde Inc
Jesse Conroy,352,Powlowski-Brown
Prof. Eliza Erdman IV,353,Mills-Cremin
Alexanne Dooley,354,"Wilderman, Strosin and Kerluke"
Kamren Harber,355,Emard-Spinka
Makayla Larkin,356,Olson Ltd
Prof. Marc Kiehn Sr.,357,Jakubowski Ltd
Guadalupe Windler,358,"Weber, Halvorson and Altenwerth"
Prof. Jaiden Heaney Sr.,359,Roberts Group
Harmon Lemke,360,Hahn LLC
Alexandra Corkery,361,Mertz-Gibson
Cathy Romaguera,362,"Klocko, Bins and Larkin"
Prof. Monroe Hand,363,Tremblay-Bergstrom
Dr. Nash Monahan II,364,"Gleichner, Parker and Kling"
Dr. Dino Bayer,365,"Cartwright, Schaden and Gottlieb"
Hermann Yost,366,"Pfannerstill, Beier and Schumm"
Dr. Willow Jast IV,367,Parisian-Trantow
Wilfrid Gerlach,368,Bauch-Wintheiser
Miss Janelle Swift Jr.,369,"Beatty, O'Reilly and McCullough"
Jalyn Dach,370,"Beer, Willms and Hahn"
Jamil Walsh,371,Dickens LLC
Elmira Cassin,372,"Nitzsche, Kulas and Cassin"
Vilma Cummerata,373,"Grant, Morar and Price"
Antonette Cruickshank,374,Yundt Ltd
Kristian Pagac,375,Weimann-Rogahn
Jarrett Considine,376,Cronin Group
Franz Mitchell,377,Bode-Kuhn
Ms. Libbie Morar,378,"Cremin, Mohr and Kerluke"
Leonie Kuphal,379,"Stamm, Jakubowski and Baumbach"
Bell Langosh,380,Harris-Fritsch
Dr. Russel Orn Jr.,381,"Ullrich, Kerluke and Bartell"
Halie Jacobi,382,Schinner-Schneider
Victoria Bergstrom,383,Gleichner-Rippin
Jerome Fritsch I,384,Ankunding LLC
Daphney Strosin,385,Hansen LLC
Alena Stamm,386,"Corwin, Olson and Hermann"
Aurelie Mills,387,Stanton Group
Victor Fritsch,388,Orn-Erdman
Ada Reichert,389,Kreiger-Heller
Jovanny McClure,390,"Braun, Stoltenberg and Ritchie"
Angela Carroll,391,Hartmann LLC
Laura Corwin,392,Mitchell and Sons
Miss Violet Purdy IV,393,"Breitenberg, Roob and Reichel"
Bret Jaskolski DVM,394,Zieme LLC
Elmore O'Hara,395,"Weimann, Lehner and Kris"
Mrs. Carole Armstrong Jr.,396,Zemlak PLC
Colleen Larkin,397,"Johnston, Purdy and McLaughlin"
Dr. Sydnee Bogisich,398,"Grady, Denesik and Willms"
Mrs. Maci Schiller MD,399,"Hodkiewicz, McKenzie and Stoltenberg"
Sydni Schaden,400,Greenholt-Schoen
Christa Trantow,401,"Connelly, Hyatt and Kessler"
Ms. Yvette McLaughlin MD,402,"Walsh, Quigley and Jacobi"
Americo Bednar I,403,Rempel LLC
Shirley Boyer PhD,404,"Streich, Ullrich and Wiza"
Orval Jones,405,Treutel-Ward
Mr. Brayan Legros,406,Dietrich Ltd
Aida Bode,407,Hessel-Watsica
Mario Olson,408,Kemmer-Nikolaus
Yessenia Beatty III,409,"O'Kon, Bernier and Kling"
Ms. Marion Erdman II,410,"Hagenes, Pfeffer and Kovacek"
Nakia Parker,411,Larkin Group
Ismael Lowe Jr.,412,Schamberger-Boyer
Maybell Parisian,413,Schumm LLC
Doris Prosacco,414,Kertzmann Group
Collin Gleichner,415,"Lockman, Hermiston and McLaughlin"
Haylee Reichel,416,"Shanahan, Huels and Orn"
Jodie Balistreri,417,Wisoky-Heaney
Prof. Kenya Heaney,418,Morar PLC
Laney Kassulke,419,Bosco-Harris
Alexandria Cole,420,Hills LLC
Kayla Senger Sr.,421,Tremblay-Abshire
Monique Koelpin,422,Von Ltd
Prof. Allison Rowe,423,Gorczany LLC
Mr. Quinn Cremin,424,Dibbert-Nitzsche
Burnice Heathcote II,425,Johnston Group
Miss Shania McLaughlin,426,Schmidt-Franecki
Nash Larson IV,427,"Altenwerth, Howell and Volkman"
Jermain Corwin,428,Langosh LLC
Lorine Runolfsson,429,McClure Ltd
Taya Hammes,430,"Collier, Corwin and Greenholt"
Dr. Guido Gulgowski,431,"Bartell, Hickle and Kreiger"
Stefan Schroeder V,432,"Brekke, Conn and VonRueden"
Dr. Haskell Feil I,433,Stracke-Torp
Deborah Gusikowski,434,Feest-Pollich
Graham Leannon,435,Mayert-Reichert
Kelli Schowalter,436,"Monahan, Pagac and Braun"
Allene Nienow,437,"Mueller, Bins and Kassulke"
Estevan Muller III,438,Bode and Sons
Sheldon Gleason,439,"Ratke, Pfannerstill and Hudson"
Everardo Grady,440,"Schmidt, Heaney and Sauer"
Mr. Shayne Swift,441,Kulas Inc
Hertha Harvey,442,Wuckert Group
Trystan Altenwerth MD,443,Wisozk-Ward
Shaylee Skiles,444,Wintheiser LLC
Dustin Roob,445,"Heathcote, Kutch and Kohler"
Hassie Kreiger,446,"Von, Hermann and Considine"
Estrella Bartoletti PhD,447,Dickinson PLC
Alessia Ondricka,448,Denesik Ltd
Forest Sawayn,449,Goyette Inc
Miss Danika Borer,450,Kshlerin-Brekke
Edd West,451,"Willms, Streich and Dickinson"
Raegan Barton,452,"Kihn, Windler and Powlowski"
Carter Monahan I,453,"Kerluke, Raynor and Bogisich"
Corine Simonis III,454,Oberbrunner-Gusikowski
Brisa O'Keefe,455,Goyette Ltd
Aylin Moore,456,"Daniel, Heidenreich and Bernhard"
Maddison Goldner,457,Gibson Group
Johann Kautzer III,458,Swaniawski and Sons
Donna Hudson,459,Lockman Group
Ms. Jalyn Morissette I,460,"Weissnat, Padberg and Gislason"
Lowell Muller DVM,461,"Mitchell, Boyle and McKenzie"
Celia Hartmann V,462,Kerluke-Purdy
Torrey Torp,463,Schumm-Emard
Marty Bartoletti,464,"Hayes, Prohaska and Russel"
Fabian Dibbert,465,"Murazik, Hilpert and Leuschke"
Rylan Bins I,466,"Littel, Sawayn and Renner"
Frieda Hyatt,467,"Will, Frami and Schmitt"
Unique Schowalter,468,Ondricka-Upton
Miss Estell VonRueden V,469,Deckow LLC
Tiana Graham,470,Nitzsche-Kuhic
Dedric Rosenbaum PhD,471,Zboncak PLC
Madaline McDermott,472,Marvin and Sons
Delmer Purdy,473,Barrows-Hudson
Prof. Rubye Gorczany,474,Jakubowski-Romaguera
Justine Terry,475,Wolff Group
Dr. Kristopher Gutmann I,476,"Lind, Reynolds and Bartoletti"
Kaci Schuppe,477,Jast Inc
Dr. Neal Brown DDS,478,Kemmer-Balistreri
Mr. Jaylon Welch II,479,Schaden Ltd
Camden Bayer,480,"Bernhard, Labadie and Grady"
Jedidiah Parker,481,Bednar PLC
Mable Wilderman III,482,Rogahn-Moen
Prof. Dejon Collins PhD,483,"Runolfsdottir, Runolfsdottir and Thompson"
Lyric Walter,484,Hessel Inc
Emmalee Smitham,485,Wuckert-Huel
Ms. Ines Little,486,Kling-Reichert
Tanya Auer,487,Kohler-Halvorson
Wilfred Kreiger,488,Dicki and Sons
Dr. Velda Towne,489,Lowe-Stamm
Prof. Margarita Erdman III,490,Brekke Inc
Henri Crooks,491,Braun Ltd
Anya Balistreri IV,492,Shields-Ledner
Prof. Enid Hagenes,493,Durgan Group
Prof. Nico Beer V,494,"Rowe, Carter and Dach"
Floy Rogahn,495,Nikolaus Inc
Prof. Nikki Hills MD,496,Swaniawski Inc
Elian Cartwright,497,"Weissnat, Yost and Durgan"
Elissa Davis,498,Simonis-Williamson
Jamie Barton,499,Douglas PLC
Noemy Cartwright,500,Bauch-Morissette
Prof. Madalyn Schuppe DDS,501,Pagac PLC
Wilburn Funk,502,"Heathcote, Rosenbaum and Flatley"
Bryana Crona,503,Strosin LLC
Prof. Myrtie Gaylord,504,Langosh-Treutel
Cody Crist,505,Wintheiser-Waelchi
Alexandria Batz PhD,506,"Harber, Johnston and McCullough"
Murray Harris,507,"Skiles, Heller and Mueller"
Leslie White,508,Kirlin Group
Raegan Rosenbaum,509,Corkery-Weissnat
Jairo Durgan,510,"Cormier, Gusikowski and Reichel"
Rebekah Cremin,511,Hettinger Group
Amiya Stracke,512,Baumbach-Dare
Aaron Kunze,513,Koch Ltd
Gustave Kling,514,Mohr-O'Conner
Immanuel Hyatt,515,"Kutch, O'Conner and Luettgen"
Prof. Jayson Gislason I,516,"Ebert, Hegmann and Wunsch"
Sydnee Wolff,517,"Cormier, Windler and Monahan"
Prof. Alberto Eichmann,518,"Pfeffer, Kuhic and Kozey"
Dedric Brekke,519,"Macejkovic, Larson and Heidenreich"
Prof. Deshawn Ullrich,520,"Veum, Champlin and Shields"
Dovie Considine IV,521,"Swift, Ernser and Kovacek"
Dr. Fredy Waters MD,522,Trantow Inc
Mr. Sammy Satterfield,523,Kunde Ltd
Ozella Schroeder,524,Zemlak-Hackett
Sienna Reichel,525,Champlin Group
Carlee Huel,526,"Goldner, Jacobs and Keebler"
Andre Schmeler,527,Powlowski-D'Amore
Tomas Sauer,528,Bartell Ltd
Wilmer Kovacek,529,Price-Beatty
Christ Jones,530,"Heidenreich, Hickle and Waelchi"
Mariane Wilderman,531,"Sawayn, Pfannerstill and Grady"
Prof. Dortha Ernser II,532,Pfannerstill-Pagac
Katlyn Beatty,533,"Metz, Halvorson and Wiza"
Taya Pagac,534,Jakubowski-Crist
Sarina Farrell,535,"O'Hara, Ziemann and Baumbach"
Concepcion Casper,536,Rau Inc
Garth Deckow MD,537,Stokes Inc
Prof. Guillermo Schaefer,538,"Lowe, Mante and Labadie"
Darian Barton,539,"White, Marquardt and Nienow"
Jadyn Bahringer,540,"Walsh, Ritchie and Rolfson"
Brook Schamberger,541,"Boyle, Haley and Schaefer"
Mason Fisher,542,"O'Connell, Volkman and Roob"
Odell Bartell,543,Kohler-Morar
Delaney Bradtke,544,Willms LLC
Florence Dickens,545,Simonis LLC
Tatum Jenkins,546,Wiegand-Stark
Mr. Angel Bashirian,547,Morissette and Sons
Tobin Bruen,548,Schuster-Brakus
Ms. Frieda Sporer,549,"West, O'Connell and Considine"
Arnold Boyle,550,O'Connell-Kilback
Jasmin Berge PhD,551,"Sipes, McGlynn and Leffler"
Carlos Okuneva,552,Kertzmann and Sons
Mr. Kelvin Grady MD,553,"McClure, Sauer and Schmidt"
Vladimir Leffler,554,Huels-Jakubowski
Nolan Rice II,555,Powlowski-Smith
Salvador King,556,Price-Purdy
Eva Tillman I,557,"Deckow, Willms and Senger"
Coby Greenholt,558,Franecki-West
Howell Lowe,559,Reilly-Schoen
Trisha Feest,560,Ritchie and Sons
Dr. Oren Hermann IV,561,Goldner-Frami
Anya Blanda,562,Wyman Ltd
Dr. Branson Jaskolski,563,"Dicki, Gerlach and Legros"
Ola Mante,564,"Emard, Weissnat and Schuppe"
Ashly Runte,565,O'Conner-Heidenreich
Dr. Shawn Pollich I,566,Volkman Group
Joseph DuBuque,567,"Bergstrom, Moen and Thompson"
Dr. Myrtis Gottlieb,568,"Gleason, Runolfsdottir and Ullrich"
Greyson Murphy II,569,Gutmann LLC
Prof. Einar Lesch V,570,Hauck-Weissnat
Dr. Lucas Hickle,571,Ebert-Funk
Dr. Dominique Orn,572,Abshire-Becker
Johann Herman,573,Reilly-Erdman
Fleta Weber,574,Ortiz-Hintz
Maegan Koss,575,Murphy-Zboncak
Prof. Anna Lehner,576,"Schmeler, Powlowski and Nienow"
Ms. Mckayla Lehner Jr.,577,O'Keefe Inc
Dasia Altenwerth,578,Gutkowski LLC
Dr. Miguel Reynolds,579,"Rempel, Mayert and Kris"
Dr. Alfreda Toy Jr.,580,"Brown, Emmerich and Kulas"
Ms. Elfrieda Braun,581,Heller-Gusikowski
Prof. Skylar Romaguera V,582,Kautzer-Dibbert
Dr. Trinity Pfeffer IV,583,Romaguera-Jakubowski
Doyle Cremin,584,Harber LLC
Dr. Timmy White Jr.,585,Herzog-Nienow
Talon Connelly,586,"McClure, Ankunding and Johns"
Jay Huels,587,Stehr-Kautzer
Polly Collier III,588,Kuhic-Braun
Marielle Nicolas,589,White Group
Maribel Pacocha,590,"Hettinger, Mraz and Buckridge"
Henderson O'Hara,591,"Harber, Dach and Lynch"
Corbin Frami,592,D'Amore-Parisian
Jalyn Bartoletti,593,Eichmann-Weber
Montana Hills,594,"Goyette, Bruen and Homenick"
Luis Jenkins,595,Rowe-Block
Candice Moore,596,Wolff Group
Aracely Sauer Jr.,597,"Halvorson, Muller and Runolfsdottir"
Dr. Federico Gottlieb,598,"Miller, Romaguera and Tillman"
Prof. Rolando Von DDS,599,Grant Inc
Filiberto Carter,600,Harris-Rath
Elsie Lindgren,601,"Johnson, Douglas and Klein"
Ms. Mayra Pagac,602,"Lubowitz, Welch and Schamberger"
Larue Gaylord,603,"DuBuque, Turcotte and Schmeler"
Anthony Osinski,604,"Price, Trantow and Kulas"
Dr. Eleonore Reynolds Sr.,605,Parisian-Ratke
Maude Kautzer,606,Powlowski-Robel
Ferne Jast,607,"Kshlerin, Rice and Douglas"
Mr. Alford Smith IV,608,Reynolds-Wolff
Hallie Collins,609,"Nolan, Labadie and Adams"
Berneice Tromp,610,"Klein, Upton and Cummings"
Anthony Lakin,611,Walsh LLC
Dereck Lang,612,"Kirlin, Borer and Langosh"
Asia Glover,613,"Ledner, Botsford and Lakin"
Casper Gusikowski,614,Bradtke Group
Mrs. Destiney Hansen Jr.,615,"Daniel, Ratke and Bayer"
Laverne Kreiger,616,Pacocha PLC
Katheryn Gerlach,617,Rath-Brekke
Pat Zulauf,618,Harris Inc
Emma Lemke,619,Cole PLC
Esperanza Jenkins,620,Kessler and Sons
Dr. Bella Koelpin,621,"Will, Altenwerth and Erdman"
Patsy Pouros II,622,Powlowski Group
Prof. Bernardo Maggio,623,O'Hara Ltd
Adaline Bailey,624,Marks-Maggio
Vernie Barton PhD,625,"Kuhlman, Kirlin and Koelpin"
Katharina Schiller,626,Toy Inc
Justus Murazik,627,"Hand, Lind and Klocko"
Don Barrows,628,"Okuneva, Bosco and Veum"
Dr. Talon Reilly,629,"Blick, McCullough and Hettinger"
Krista Cole,630,Erdman Group
Miss Paige Torp I,631,Murazik-Bogan
Palma O'Keefe,632,"Gusikowski, Hickle and Kunde"
Ettie Schimmel,633,"Grimes, Nienow and Gorczany"
Dr. Keeley Lakin PhD,634,"Ebert, Runolfsdottir and Little"
Pietro O'Reilly,635,"Grady, Boyer and Wiegand"
Dr. Genevieve Conroy,636,Conroy-Langworth
Friedrich Orn,637,Kautzer Ltd
Richie Marks,638,Erdman Ltd
Kyler Becker,639,Koch-Lakin
Emery Effertz,640,"Blick, Rolfson and VonRueden"
Mr. Giovanni Lynch MD,641,Spinka-Hartmann
Vesta Okuneva,642,DuBuque LLC
Miss Modesta Goodwin,643,Zemlak-Waelchi
Phyllis Deckow,644,Thiel-Frami
Taurean Hyatt,645,Boyer Ltd
Tod Steuber,646,"White, Stroman and Goodwin"
Prof. Joesph Hirthe,647,Conn-Connelly
Prof. Maximo Hirthe,648,"Kerluke, Nikolaus and Pfeffer"
Prof. Cory Satterfield,649,Anderson-Labadie
Emmalee Ruecker,650,Watsica and Sons
Rocio Mills,651,Wolff Ltd
Laurianne Hartmann,652,"Gusikowski, Emard and McCullough"
Magdalena Abbott,653,"Upton, Turcotte and Walsh"
Ulises Parisian,654,Blick-Jast
Eula Zboncak,655,Keebler Group
Dr. Sydney Hane DDS,656,Donnelly-Brekke
Dr. Kamren Hyatt III,657,Kiehn and Sons
Jada Goodwin,658,Becker and Sons
Stella Hintz IV,659,"Hodkiewicz, Ferry and Stiedemann"
Mossie Kihn,660,"Sporer, Wisozk and Rippin"
Jaylen Skiles Jr.,661,"Steuber, Brown and Jerde"
Alene Kirlin,662,"Kilback, Hills and Robel"
Miss Kylee Leannon,663,Boyer Ltd
Prof. Beatrice Brekke,664,Hudson-Mayert
Esmeralda Feil,665,Hoeger Ltd
Leone Wilderman,666,Morar-Ortiz
Renee Bartoletti,667,King-Feil
Prof. Doug Hoppe V,668,"Windler, Ortiz and Will"
Daphnee Lubowitz Jr.,669,Kertzmann Inc
Kelsie Bruen,670,Smith Group
Leonel Cole Jr.,671,"Armstrong, Swaniawski and Moore"
Effie Schaden,672,"Reilly, Steuber and Bergnaum"
Reinhold Cartwright,673,Sawayn Group
Ashley Bashirian,674,"Hermann, Kovacek and Dare"
Roberto Gaylord Jr.,675,Huels-Hyatt
Oleta Bogisich,676,Monahan PLC
Mr. Bennett Sawayn I,677,"Nolan, Fay and Schneider"
Yasmin Jones DVM,678,"Nolan, Nolan and Sauer"
Golda Larson,679,Collier Ltd
Alejandrin Mayert,680,"Hagenes, Dietrich and Mohr"
Aimee Bartoletti,681,Frami-Heidenreich
Braden Rippin,682,Schinner-Dicki
Mervin Toy,683,"Tillman, Harris and Erdman"
Judson Rogahn,684,"O'Keefe, McClure and Kirlin"
Alvis Murray,685,Bauch-Lueilwitz
Prof. Raheem Rath,686,Quigley-Boyle
Mozell Hand,687,Farrell Ltd
Miss Marquise Bruen,688,"Johns, Hamill and Sawayn"
Ms. Elda Waelchi,689,Turner LLC
Consuelo Breitenberg,690,Wisozk-Keebler
Foster Pfannerstill,691,Williamson PLC
Ruthie Haley DVM,692,"Cummerata, Thompson and Denesik"
Zelda Heathcote,693,Hammes Inc
Walter Wisoky,694,Zemlak-Gislason
Ms. Gudrun Predovic V,695,Wolf Group
Mr. Jarrell Satterfield,696,Boyle and Sons
Nikko Greenfelder,697,Streich-Tromp
Kattie Hansen,698,Walker-Turcotte
Guillermo Medhurst,699,"Christiansen, Shanahan and Stokes"
Mrs. Meta Windler MD,700,Lowe Inc
Mrs. Leora Boyle I,701,"Hills, Vandervort and Daugherty"
Colleen Cummings,702,"Kunze, Ernser and Turcotte"
Marion Block,703,"Jaskolski, Hills and Mertz"
Graham Weissnat MD,704,Auer Group
Mrs. Lina Fritsch,705,Kertzmann-Jacobson
Colleen Konopelski,706,"Kutch, Yost and Hayes"
Miss Reina Senger Jr.,707,Ondricka and Sons
Ms. Vida Boyle DVM,708,Herman-Ondricka
Mrs. Katarina Simonis V,709,O'Conner LLC
Wallace Nolan,710,Heathcote-Schmeler
Evelyn Bergstrom,711,Grimes Ltd
Manuel Kuhn,712,Kutch-Bauch
Clint Price,713,Greenholt-Windler
Rosalee Ryan,714,"Rice, Walsh and Lemke"
Einar Skiles,715,McClure Group
Kaia Jast,716,O'Keefe and Sons
Brian Schmeler,717,Ritchie-Wolf
Armani Lubowitz,718,Schamberger-Casper
Keira Purdy,719,"Mertz, Wunsch and Dooley"
Keira McClure,720,Paucek Group
Prof. Kristofer Thompson I,721,Wyman PLC
Ms. Nicole Denesik,722,Russel-Bahringer
Breanne Goyette,723,"Armstrong, O'Kon and Windler"
Dedrick Daugherty,724,Tremblay Group
Jody Boyer,725,Beer PLC
Mrs. Hellen Langworth,726,Kulas Ltd
Nadia Hudson,727,"Bins, Emmerich and Cruickshank"
Mr. Zakary Dach DDS,728,"Hammes, Schimmel and Schoen"
Dr. Dangelo Monahan DDS,729,"O'Conner, O'Kon and Bosco"
Prof. Merle Walsh,730,Bergstrom-Hill
Dasia Ledner DVM,731,Murray-Ruecker
Ms. Daphney Murphy Jr.,732,Boehm Ltd
Luisa Dickinson,733,"Rau, Brown and Frami"
Lorenza Moen,734,"Emard, Stehr and Bogisich"
Lori Marquardt,735,Murazik-Mayert
Arturo Howe,736,Fisher and Sons
Jude Blick,737,Beahan-Walter
Deonte Quitzon V,738,"Heller, Hills and Schneider"
Mr. Nat Wiza Sr.,739,McLaughlin Group
Jaycee Ruecker,740,"Farrell, Stracke and Rogahn"
Mrs. Lelia Bosco V,741,Fay Ltd
Mrs. Emelie Mayert,742,Miller Ltd
Madie Nienow,743,Klocko-Hodkiewicz
Charley Hickle,744,Prohaska LLC
Rae Emmerich DDS,745,Schumm-Jaskolski
Rahsaan Cummings,746,"Skiles, Deckow and Renner"
Mrs. Marlen Lemke,747,Kerluke PLC
Jayde Roob,748,Blick-Leannon
Ms. Sonia Padberg,749,"Legros, Smith and Sauer"
Fannie Jaskolski DVM,750,Langosh-White
Prof. Coy Hettinger,751,"Crona, Leffler and Jaskolski"
Prof. Monroe DuBuque IV,752,"Schoen, Flatley and Walter"
Art Bernhard,753,Hahn-O'Kon
Duncan Renner,754,"Stamm, Smith and Prosacco"
Johnathan Kling,755,Streich LLC
Opal Beer,756,O'Connell Inc
Hilda Dach,757,"Ruecker, Streich and Kshlerin"
Jane Hills,758,Bailey-Hartmann
Velva Nolan Sr.,759,Hegmann LLC
Dayton Gusikowski Jr.,760,"Lowe, Emmerich and Heaney"
Elisha Hettinger,761,"Ledner, Bahringer and Pouros"
Dr. Cecile Mraz DDS,762,Lakin-Shields
Litzy Halvorson,763,"Gleason, Davis and Blick"
Dr. Gustave Anderson DDS,764,Beier LLC
Dr. Sammy Reichel,765,Kertzmann Group
Vivianne Halvorson,766,Wolff-Ondricka
Lurline Simonis,767,Bergnaum Group
Spencer Runolfsdottir II,768,Wiegand-Huels
Merritt Streich,769,Mueller LLC
Thad Nikolaus,770,Cronin PLC
Jefferey Effertz,771,Raynor Group
Mr. Jameson Rice,772,"Kreiger, Romaguera and Berge"
Abdullah King,773,Koss-Hermann
Coralie Bechtelar,774,Waters-Considine
Mr. Alfonso Boyer,775,Feest-Kuphal
Miss Brenda Hammes,776,Rippin-Cronin
Caleigh Dach,777,"Kunde, Carter and Powlowski"
Jasmin Jacobs,778,McLaughlin-Kling
Arturo Rempel,779,Volkman LLC
Ms. Mariah Collier Sr.,780,Schiller-Lang
Alivia Champlin,781,Hammes-Yundt
Charlie Runte Sr.,782,Kemmer Inc
Mr. Trey Muller DVM,783,"Welch, Dare and Christiansen"
Nathan Casper,784,Heaney-Wyman
Annabel Gerhold,785,"Monahan, Gleason and Beer"
Morgan Stehr,786,"Murazik, Waelchi and Lubowitz"
Monserrat Hauck,787,"Hansen, Williamson and Rau"
Mr. Cody Reichel I,788,"Stoltenberg, Cremin and Rice"
Ms. Mallie Yost Jr.,789,Schmeler-Zboncak
Rollin Predovic Jr.,790,Brakus-Luettgen
Dr. Kennith Krajcik,791,Armstrong PLC
Ofelia Rogahn,792,Fahey-Gusikowski
Bettie Toy,793,"Metz, Wehner and Bernhard"
Tremaine Koch,794,"Pollich, Strosin and Hudson"
Mr. Christian Kuhn Jr.,795,Waelchi-Goldner
Drake Little DDS,796,"Walker, Stamm and Mosciski"
Osvaldo Pouros III,797,"Jaskolski, Streich and Langworth"
Sven Ziemann,798,"Stokes, Mosciski and Kreiger"
Dr. Fredrick Friesen PhD,799,Satterfield-Reichert
Odie Vandervort PhD,800,Swift PLC
Fritz Hodkiewicz,801,Casper LLC
Karley Prohaska I,802,Hill Inc
Liza Runolfsdottir,803,"Friesen, Wunsch and Bauch"
Giovanni Pollich,804,Witting Group
Edward Franecki V,805,"O'Keefe, Lowe and Considine"
Beulah McKenzie,806,Sauer LLC
Christophe Gaylord,807,Hackett-Ryan
Arvilla Schowalter,808,Champlin-Hoppe
Karlee Kuhlman,809,Hettinger Ltd
Ahmed Klocko,810,Beatty-Rosenbaum
Prof. Stacy Bode,811,"Lang, Douglas and Nolan"
Miss Neva Runte MD,812,Shanahan-Hettinger
Brian Hyatt,813,"Deckow, Hudson and Satterfield"
Andy Schamberger,814,Berge-Keebler
Sarai Oberbrunner PhD,815,Ryan-Schiller
Ms. Bonita Williamson,816,Rodriguez Ltd
Jovany Spencer,817,Breitenberg Inc
Ms. Kari Spencer IV,818,"Donnelly, Moore and Luettgen"
Oliver Blick,819,"Bernier, Ebert and Batz"
Graham Stroman,820,Waelchi and Sons
Danielle Collins,821,"Hudson, Mayer and Littel"
Jeffry Hessel PhD,822,"Lynch, Kozey and Jacobson"
Elliott Emmerich,823,Wolf PLC
Ms. Retta Kuhic Sr.,824,Daugherty and Sons
Caden Sawayn,825,Monahan Ltd
Cecil Vandervort,826,"Koepp, Flatley and Wyman"
Abdullah Rutherford,827,Kassulke LLC
Jerry Leffler,828,Stark-Herzog
Rita Jakubowski,829,Muller Group
Berry Klein,830,Reynolds Ltd
Prof. Astrid Wunsch,831,"Boyle, Wunsch and Fadel"
Ian Rogahn,832,Skiles and Sons
Dr. Dayton Gaylord,833,Hansen Ltd
Cynthia Monahan,834,Bins-Schamberger
Jane Hickle,835,"Lehner, Doyle and Kutch"
Ms. Rosanna Borer,836,"Nicolas, Botsford and Feil"
Kamren Von MD,837,Hilpert and Sons
Dr. Emerson Becker,838,"Predovic, Ullrich and Bahringer"
Dr. Myron Lemke,839,Walsh-Haley
Dovie Kozey,840,Kuhn-Weber
Jazmyne Nader,841,"Hills, West and Pfannerstill"
Dusty Hilpert,842,Quitzon Group
Taylor Mayer III,843,Haley Group
Dr. Cindy Lebsack I,844,Skiles Inc
Mrs. Hermina Keeling,845,Greenfelder and Sons
Eleonore Hills,846,Kub-O'Keefe
Ferne Pouros,847,Pacocha-Raynor
Ross Lockman PhD,848,Toy LLC
Ron Williamson Sr.,849,McGlynn-Fahey
Virginia Hegmann,850,"Adams, Jerde and Cronin"
Brycen Waelchi,851,"Ratke, Donnelly and Olson"
Mavis Wolff,852,"Barrows, Crist and Wunsch"
Maci Larson,853,Cassin PLC
Morris Schmeler,854,"Botsford, Lebsack and Ernser"
Aniya Brakus,855,Rutherford-Doyle
Dr. Deondre Altenwerth,856,McLaughlin Ltd
Allene Stamm,857,"Spinka, O'Keefe and Hilpert"
Abelardo Schmeler,858,Schuster LLC
Prof. Dagmar Bayer,859,"Veum, Bednar and Bradtke"
Prof. Alec Leffler,860,Monahan-Witting
Ismael Murphy,861,"Lakin, Dietrich and Prosacco"
Sydnie Klein,862,Herzog-Rippin
Antonette Wiegand,863,Adams-Bartell
Abel Weber,864,"Dooley, O'Hara and DuBuque"
Fae Brown Jr.,865,Senger PLC
Yvonne Marquardt,866,Veum-Daugherty
Cecilia Harvey,867,"Larson, Deckow and Johnston"
Newell Runte,868,Heathcote Inc
Vella Bechtelar,869,O'Hara-Jacobi
Prof. Ephraim Kovacek II,870,"Schowalter, Dietrich and Zieme"
Aditya Cremin,871,"Paucek, Raynor and Wintheiser"
Bulah McGlynn,872,"Jones, Sanford and Brown"
Judson Quitzon,873,Toy-Ratke
Mr. Armani Hammes,874,"Metz, Beatty and Rodriguez"
Marilie Reilly,875,Kuhlman PLC
Jerrell Leffler,876,Schimmel-Wunsch
Turner Schneider,877,Hyatt-Cummerata
Luna Hand,878,Carroll Inc
Justen Barrows,879,DuBuque-Rohan
Alexanne Schoen,880,Pollich-Zulauf
Rocky Schmitt,881,Trantow Group
Daphney Rolfson,882,Friesen-Funk
Mrs. Hannah Collins,883,Nolan-Harber
Amani Okuneva,884,"Aufderhar, Reilly and Gibson"
Michael Murphy,885,"Runte, Wuckert and Goyette"
Mr. Ross Welch DVM,886,Reichel-Lueilwitz
Quentin Brown,887,Turcotte-Mraz
Tremayne Howell,888,Stokes LLC
Nikki Nicolas,889,"Cassin, Greenholt and Feeney"
Mr. Vicente Kuhlman Sr.,890,King PLC
Mr. Jarret Langworth PhD,891,Dicki-Steuber
Rosalia Wyman,892,Corwin-Reichert
Julian Schmidt,893,"Conroy, Mayert and Maggio"
Prof. Aaliyah Von DVM,894,Braun-Hand
Miss Heloise Swift I,895,"McGlynn, Kozey and McCullough"
Zoila Toy,896,Deckow Inc
Celia Schowalter MD,897,Brakus-Ziemann
Abigale Murazik,898,McLaughlin-Wehner
Ransom Effertz,899,"Runolfsdottir, Hegmann and Considine"
Clyde Lowe III,900,"Marquardt, Luettgen and Stark"
Dr. Triston Nicolas Sr.,901,McDermott-Kuvalis
Velda Kling,902,Weber-Lesch
Brice Gleichner IV,903,Borer-Wolff
Dr. Vidal Ortiz IV,904,"Ernser, Eichmann and Christiansen"
Treva Rogahn,905,Hettinger-Mraz
Brooks Herzog Jr.,906,"Casper, Watsica and Schmidt"
Dr. Imelda Kirlin,907,"Collins, Stoltenberg and Orn"
Ms. Margaret Blanda III,908,"Nolan, Murray and Schumm"
Vicente Crona,909,Cole-Rice
Erick Mosciski,910,"Stehr, Berge and Mayer"
Mr. Randall Veum I,911,Harris Group
Miss Camille Rolfson V,912,"Hauck, Howell and O'Connell"
Edwin Barton,913,Moen Ltd
Juvenal Nicolas,914,Toy-Friesen
Prof. Stella Lakin PhD,915,"Sauer, Walker and Collier"
Esperanza Bernhard,916,"Effertz, Ryan and O'Connell"
Mr. Rhett Medhurst IV,917,Sawayn Ltd
Ms. Luna Hand II,918,O'Conner Group
Louisa Littel MD,919,"Schmidt, Lemke and Feil"
Sherman Leuschke,920,Reichert-Collins
Nasir Hagenes,921,Hermiston-Koelpin
Jayne Brekke,922,Powlowski LLC
Douglas Bernhard,923,Gorczany Ltd
Einar Hoeger I,924,Jones Group
Cristopher Dibbert,925,"Pfeffer, Spencer and Brekke"
Mr. Weldon Cronin,926,Ryan-Hand
Louisa Swift,927,Kub LLC
Mrs. Laury Koepp,928,"Kiehn, O'Reilly and Tillman"
Evert Brown,929,"Marks, Konopelski and Keeling"
Prof. Leland Lemke V,930,VonRueden-Weimann
Dr. Greta Buckridge DDS,931,"Mayer, Labadie and Lemke"
Ozella Kulas,932,Bernier Ltd
Ivory Schultz V,933,"Homenick, Daugherty and Stanton"
Carlotta Parker,934,Kassulke PLC
Prof. Alberta Rippin,935,Adams-Cremin
Odell Herzog,936,"Adams, Schmitt and Turcotte"
Velma Mueller,937,Will Ltd
Dr. Destiney Willms MD,938,Schowalter Group
Ms. Genoveva Jacobs PhD,939,Zemlak Group
Chase Davis,940,"Jerde, Cartwright and Reinger"
Myrtice Hamill IV,941,Raynor-Homenick
Mr. Christian Thompson,942,Koelpin-Jacobson
Jonathan Grimes,943,Wisoky-Lubowitz
Aric Cremin,944,Schuppe PLC
Oma Treutel DVM,945,"Dare, Legros and Ward"
Shawn O'Connell,946,Pagac Ltd
Amalia Champlin I,947,Schuster LLC
Lucinda Daugherty,948,"Rempel, Orn and Jenkins"
Dr. Buddy Hintz DVM,949,Wuckert-Russel
Cassandre Kertzmann,950,Heidenreich Ltd
Rebekah Johnson,951,Medhurst-Block
Mr. Tatum Harvey II,952,"Dickinson, Mueller and Miller"
Darien Jenkins Jr.,953,"Emmerich, Schumm and Kling"
Dr. Jerry Gibson,954,Ortiz-Grant
Dorris Bartoletti,955,Greenholt PLC
Shanie Ratke MD,956,Zboncak PLC
Dr. Tracey Eichmann,957,Gaylord-O'Conner
Raoul Feeney,958,Schumm and Sons
Mr. Shaun Lindgren,959,Emmerich-Emard
Melissa Doyle III,960,Rolfson-Douglas
Jensen Berge,961,"Legros, Orn and Wyman"
Dr. Maureen Friesen,962,Dare-Collier
Ellen Boyle,963,Anderson-Morissette
Era Frami,964,Langworth-Blanda
Aiden Runte,965,"McCullough, Franecki and Kunde"
Laurel Keeling,966,Mraz-Connelly
Prof. Billy Bayer,967,"Kunze, Lehner and Barton"
Delaney Fritsch,968,Mante-Bogan
Blanche Anderson II,969,Reichert-Jenkins
Prof. Larry Metz DDS,970,Hessel-Oberbrunner
Prof. Wilfrid Durgan,971,"Mills, Lakin and Jenkins"
Rosemary Lebsack,972,"Nitzsche, O'Keefe and Conroy"
Paolo Zemlak,973,Turcotte and Sons
Camren Kris DVM,974,O'Hara-Shields
Amie Hill,975,Kohler-Connelly
Velda Torp,976,Funk Inc
Ophelia Hermiston,977,"Schultz, Hegmann and Lueilwitz"
Miss Jade Wiza,978,Zulauf-Larson
Mrs. Savannah Deckow,979,Harvey-O'Keefe
Philip O'Reilly,980,"Botsford, Champlin and Mraz"
Mina Green,981,"Greenholt, Boyer and Barrows"
Miss Shaniya Ebert II,982,Lindgren and Sons
Trudie Sipes,983,"Watsica, Wuckert and Breitenberg"
Ms. Alisa Gleason II,984,Hessel Group
Hellen Crist,985,Kerluke-Fahey
Vanessa Hilpert,986,"Kreiger, Nolan and Cummings"
Emelie Mayert,987,Von Inc
Easter Bashirian,988,Wunsch PLC
Ms. Viola Kuvalis,989,Lind-Tremblay
Henriette Monahan V,990,Hartmann Ltd
Leanne Abbott,991,"Ziemann, Parker and Hahn"
Janis Dietrich,992,Stokes-Quitzon
Dr. Fannie Heaney IV,993,"Muller, Hane and Walsh"
Buford Gusikowski,994,"Johns, Schoen and Anderson"
Prof. Carroll Labadie,995,"Torp, Huels and Murray"
Corene Raynor,996,"Windler, Daniel and Brakus"
Charlie Botsford,997,Spencer LLC
Terrence Little,998,Roberts-Goodwin
Aletha Schinner,999,Gislason Group
Brandon Hudson,1000,Kohler Ltd
Caroline Lebsack,1001,Marvin Inc
Sigurd Goyette PhD,1002,Johns Group
Larry Haag PhD,1003,Ortiz-Roob
Dr. Laurianne Koelpin,1004,Wintheiser-Raynor
Chadrick Heathcote,1005,Kunze-Wuckert
Mrs. Alva Bartell II,1006,"Konopelski, Keeling and Carroll"
Deanna Blick II,1007,"Dickinson, Fay and Batz"
Precious Ortiz IV,1008,Bogan and Sons
Lois Maggio,1009,Hodkiewicz and Sons
Gail Kling,1010,Strosin Inc
Terrill Torp,1011,Sporer-Erdman
Tiana Weimann,1012,Johns-Dicki
Roslyn Ward,1013,"Hodkiewicz, Dooley and Jaskolski"
Mrs. Izabella Jast III,1014,"Waters, Kris and Pagac"
Aleen Collier MD,1015,"Kassulke, Marks and Kulas"
Jeremie Stamm,1016,Kling Inc
Savanna Dickinson,1017,Jenkins Group
Mckenna VonRueden I,1018,"Bode, Hickle and McLaughlin"
Dr. Adolph Walsh,1019,"Hyatt, Hartmann and Fahey"
Jaycee Emard,1020,"Ebert, Fadel and Cassin"
Zack Crist,1021,Ankunding Inc
Casey Turcotte,1022,Hartmann-Zemlak
Jessie Blick,1023,Marks-Cronin
Prof. Laurianne Fisher DVM,1024,"Jast, Lindgren and Schmitt"
Desmond Larkin,1025,"Dach, Kemmer and Pacocha"
Kaia Simonis,1026,Kris PLC
Elouise Leuschke,1027,Wintheiser Inc
Shayne Pfeffer,1028,Hoppe-Kilback
Leatha West IV,1029,Harber-Conroy
Elise Reinger,1030,Dietrich-Corwin
Cassandre Heller,1031,Sanford-Deckow
Reynold Nader,1032,Mosciski-Larkin
Gregoria Powlowski,1033,"Quitzon, Emmerich and Jacobi"
Elmer Ledner,1034,Muller-Brown
Llewellyn Wisoky,1035,Ritchie-Nolan
Brody Prohaska,1036,Ratke Inc
Silas Wyman,1037,Russel-Friesen
Jaylen Wiza,1038,Halvorson-Upton
Miss Emilia Beahan,1039,"Cruickshank, Koelpin and Lockman"
Prof. Ansel Ortiz III,1040,"Harris, Boyle and Steuber"
Rosanna Kozey,1041,Hayes LLC
Kaylin Jast,1042,McCullough-Buckridge
Lon Schoen,1043,Emard-Aufderhar
Dr. Niko Kessler Jr.,1044,Fritsch-Jacobs
Marianne Heller,1045,Emmerich-Conn
Damien Doyle,1046,Blanda-Kiehn
Jenifer Okuneva Jr.,1047,Zemlak Ltd
Dr. Allan Hane IV,1048,"Turner, Mraz and Leffler"
Virginia DuBuque,1049,"Ruecker, Runte and Stroman"
Mariana Collier,1050,Hessel-Bechtelar
Gail Pollich,1051,"Powlowski, Langosh and Langosh"
Ms. Alexandrea Howe PhD,1052,"Gutmann, DuBuque and Kohler"
Jailyn Dooley V,1053,Fisher Ltd
Jacinthe Hill DDS,1054,Stoltenberg-Hoppe
Prof. Tommie Gulgowski DVM,1055,Weimann-Adams
Dr. Lee Pfeffer,1056,Rau-Kassulke
Braulio Kutch DVM,1057,Berge-Harris
Berniece Gaylord,1058,"Muller, Borer and O'Keefe"
Dr. Troy Kuhic Jr.,1059,Schuster LLC
Ernestine Robel,1060,VonRueden Group
Chaz Schulist,1061,"Cormier, Wolff and Hermann"
Albin Hackett,1062,"Renner, Bernhard and Larson"
Kristian Walter,1063,Williamson and Sons
Josue Wisozk,1064,Renner PLC
Camren Larkin,1065,"DuBuque, Stiedemann and Crona"
Jaquelin Schaefer,1066,"Wisozk, Schamberger and Dickens"
Mrs. Allie Hahn,1067,"Swaniawski, Wiegand and Farrell"
Ciara Hand Sr.,1068,Kris Group
Marion Fahey,1069,Frami PLC
Hortense Carroll,1070,Barrows Inc
Madilyn Ebert,1071,Muller LLC
Daphnee Lesch I,1072,"Rau, Heller and Hahn"
Althea Johns,1073,Senger-Schmidt
Prof. Lionel Smitham,1074,Bergnaum-Hodkiewicz
Emanuel Schumm,1075,Hill Inc
Prof. Maxie Braun,1076,Kuvalis-Schuppe
Kariane Ledner,1077,Beer LLC
Lavina Hickle,1078,Weber and Sons
Guadalupe Bartell,1079,"Aufderhar, Pacocha and Welch"
Miss Katherine Reinger,1080,Gorczany-Beer
Gudrun Ondricka V,1081,Runolfsson-Cole
Ida Beier V,1082,"Gottlieb, Bergstrom and Schaefer"
Ashlynn Deckow III,1083,Wilderman PLC
Annamarie Jenkins Jr.,1084,Kiehn Ltd
Mr. Philip White,1085,Tremblay-Sauer
Dr. Reilly Hauck V,1086,Hane-Corwin
Ally Casper,1087,Nader Inc
Vincenza Bruen IV,1088,Abernathy-Konopelski
Jaida Buckridge,1089,Bins Group
Vivien Walker,1090,Frami LLC
Dr. Bernhard Kilback,1091,"Feeney, McKenzie and Hane"
Mr. Desmond Heidenreich PhD,1092,Lockman-Christiansen
Mr. Josue Eichmann III,1093,"Effertz, Fritsch and Kuvalis"
Prof. Madyson Kirlin,1094,"Hegmann, Runolfsdottir and Hintz"
Nakia Nitzsche,1095,Langworth-Durgan
Sunny Boyle,1096,"Weber, Christiansen and Stokes"
Dr. Mona Kuhic I,1097,Hermiston Ltd
Myles O'Reilly,1098,Douglas Ltd
Prof. Emmitt Nicolas,1099,"Pfannerstill, Gleason and Leffler"
Prof. Marcella O'Hara DVM,1100,Wyman-Mante
Dr. Maryjane Paucek,1101,Ratke-Wolf
Mr. Skye Gutmann MD,1102,Orn Inc
Violette Abshire V,1103,Wintheiser-Corkery
Dr. Emelie Koss,1104,Maggio-Hegmann
Shawna Douglas,1105,Buckridge Inc
Cullen Block DDS,1106,"Ward, Abernathy and Mayer"
Dr. Sarina Bauch,1107,Boyle-O'Connell
Jaclyn Reinger,1108,"VonRueden, Rath and Bernier"
Prof. Denis Murphy,1109,"Mills, Pacocha and Kuhic"
Dr. Holly Botsford,1110,Mitchell-Bashirian
Ms. Marilou Friesen I,1111,Jacobson-Romaguera
Wilburn Bogan,1112,Pfannerstill Ltd
Tyra Rice,1113,Kihn-Schimmel
Prof. Hudson Prohaska I,1114,Nienow PLC
Miss Emmalee Schuster PhD,1115,"Heaney, Grant and Kunde"
Laurine Ziemann,1116,Ratke-Daugherty
Carey Osinski,1117,"Kutch, Collier and Ernser"
Julien Blick,1118,Stehr-Schumm
Tavares Grady,1119,Collins-Littel
Dr. Adrianna Durgan DVM,1120,"Schoen, Harber and Nikolaus"
Dr. Jaylin Ferry,1121,"Rau, White and Carter"
Remington Lakin IV,1122,Kiehn Group
Jovanny Mann,1123,Wisozk-Morissette
Elna Jast Jr.,1124,Mann-O'Connell
Murray Howe,1125,Murazik and Sons
Ashley Nikolaus,1126,Schaefer LLC
Kristofer Zemlak,1127,Hamill-O'Kon
Dr. Elenor Kiehn,1128,Aufderhar-Mante
Mr. Rodrick Rice,1129,"Larkin, Kiehn and Vandervort"
Dillon Gutkowski,1130,"Gottlieb, Nader and Marvin"
Prof. Jovany Senger,1131,"Prosacco, Kutch and Konopelski"
Serena Blanda,1132,Quigley-Harvey
Deven Reynolds,1133,Rosenbaum PLC
Mrs. Mariana Carter,1134,"Kuhn, Armstrong and Aufderhar"
Derek Stark,1135,Boyer-Tromp
Prof. Lawrence Walsh,1136,Keebler-Stokes
Imelda Kuhn,1137,Cartwright-Jacobs
Stefan Auer,1138,Treutel PLC
Sophie Ullrich DDS,1139,Nicolas-Turcotte
Mrs. Michaela Purdy Sr.,1140,Bednar-Renner
Kaleb Witting III,1141,Lubowitz Group
Mrs. Palma Mills I,1142,Jacobs and Sons
Monroe Gislason,1143,Erdman LLC
Vernie Jerde,1144,"McCullough, Rogahn and Stoltenberg"
Jules Pagac DDS,1145,Corkery Group
Emerson Walker,1146,"Schimmel, Connelly and Buckridge"
Mr. Arturo Dicki,1147,Hyatt and Sons
Miss Shaylee DuBuque,1148,Donnelly Inc
Bonita Osinski,1149,Witting Inc
Prof. Darwin Dicki,1150,"Rodriguez, Roberts and Kirlin"
Cassandre Hermann II,1151,"Schaefer, Schuppe and Torphy"
Elva Hane,1152,Heller Group
Kaden Paucek,1153,Armstrong-Cronin
Reese Jacobi,1154,Koelpin-Botsford
Jo Ankunding,1155,Koch Ltd
Merl Kuphal III,1156,"Wolf, Homenick and Koelpin"
Angie Schiller,1157,Johns-Gutkowski
Lacey Ankunding MD,1158,Hodkiewicz-Hilpert
Katrina Kertzmann,1159,Ledner PLC
Alysha Fisher III,1160,"Lockman, Boyle and Wuckert"
Dominique Price,1161,"Hirthe, Hessel and Ondricka"
Prof. Casey Strosin DVM,1162,Krajcik-Lowe
Arvel Erdman,1163,Brekke LLC
Therese Hessel,1164,"Beer, Kulas and Kautzer"
Florian Krajcik,1165,"Goyette, D'Amore and Aufderhar"
Lorenzo Botsford,1166,"Beier, Fay and Friesen"
Ms. Rachael Swaniawski,1167,Fadel Ltd
Mollie Schiller,1168,"Cassin, Upton and Emard"
Nia Orn,1169,Cummerata and Sons
Kiel Rippin,1170,Rowe PLC
Jacey Runolfsson III,1171,Wiza-Metz
Dandre Moen,1172,Kautzer Group
Mrs. Megane Satterfield,1173,"Gerhold, Nolan and Pouros"
Michele Tillman,1174,Upton and Sons
Dan Yost,1175,"Murray, Hammes and Tremblay"
Gilberto Bosco,1176,"Cole, Lindgren and Wilkinson"
Manley Schultz,1177,"Prosacco, Jast and Lang"
Neal Murazik,1178,Ankunding Group
Clair Hammes,1179,Bednar-Bartoletti
Prof. Ryley Wilkinson PhD,1180,Renner-Jerde
Rebeca Pollich,1181,"Weissnat, Bins and Kunze"
Jason Hoeger,1182,"Tromp, Larkin and Batz"
Ms. Krista Windler,1183,Hagenes-Bailey
Mr. Berry Herzog I,1184,"Hermann, Heller and Sanford"
Brandy Koepp,1185,Lesch-Schiller
Berneice Padberg,1186,"Bartell, Little and Gleichner"
Mr. Orin Maggio DDS,1187,Collier-Dibbert
Dominic Breitenberg IV,1188,"Leannon, Macejkovic and Hamill"
Tracey Cronin,1189,Lockman and Sons
Dr. Leonardo Murray II,1190,Rodriguez Group
Jayde West,1191,"Abernathy, DuBuque and Herzog"
Nash Harris,1192,"Feil, Rogahn and Rau"
Vicente Donnelly,1193,Rowe Group
Jessika Gleichner,1194,Waelchi-Pacocha
Berneice Bednar DVM,1195,"O'Kon, Macejkovic and Walsh"
Dr. Elta Waelchi,1196,Strosin-Stiedemann
Lucius O'Conner,1197,"Davis, Langworth and Pacocha"
Prof. Catherine Jakubowski,1198,Von PLC
Nia Tromp,1199,Frami-Lynch
Maya Kuhn,1200,"Harber, Feest and Fritsch"
Trevion Reynolds,1201,Johnston Inc
Laurine Kassulke,1202,"Schulist, Murphy and Franecki"
Mrs. Maritza Von,1203,"Schmidt, Runolfsdottir and Hill"
Hilario Little,1204,"Gleichner, Mohr and Torphy"
Karlee Treutel,1205,Nicolas Inc
Micheal Schmidt,1206,"Purdy, Murray and Waelchi"
Ceasar Harris V,1207,Fahey LLC
Florencio Kemmer V,1208,Johns PLC
Wilber Sawayn,1209,Kub and Sons
Vanessa Schmidt,1210,Kilback and Sons
Cornelius Schmidt PhD,1211,Schmidt-Gutkowski
Ibrahim Breitenberg,1212,Leannon-Wintheiser
Stella Keeling DDS,1213,Breitenberg-Walter
Tatum Kilback,1214,Waters-Mosciski
Zoie Gaylord,1215,Terry and Sons
Justyn Haley,1216,Crooks LLC
Chesley Wisozk,1217,Dach Inc
Vella Mills,1218,Crona Ltd
Colt Stark,1219,Reichel-Larson
Maiya Bradtke,1220,West PLC
Jayda Abernathy,1221,Prosacco-Hill
Danika Schaden,1222,Larkin PLC
Morris Waelchi,1223,"Zulauf, Pfannerstill and Bashirian"
Darrel Conroy,1224,Turcotte PLC
Prof. Trisha Christiansen PhD,1225,Jaskolski LLC
Jasen Gleichner,1226,Schaefer and Sons
Verona O'Keefe,1227,"Mills, Rath and DuBuque"
River Spinka I,1228,Bashirian-Parisian
Delbert Nolan DVM,1229,Ullrich-Hansen
Kathleen Schmeler,1230,Stamm-Hand
Wilbert Gislason,1231,Rodriguez-Satterfield
Meaghan Schaden I,1232,Price PLC
Lilly Connelly,1233,Schiller-O'Connell
Dr. Torey Runte II,1234,"Cormier, Harvey and Fadel"
Dr. Jennifer Kilback,1235,Treutel-Cole
Tyler Wisoky DDS,1236,"Cormier, Towne and Emard"
Marques Hessel,1237,Abbott-Crooks
Tevin Skiles,1238,Parisian-Hickle
Miss Leora Stiedemann II,1239,"Shields, Bruen and Ondricka"
Quinn Lockman V,1240,"Nolan, Haag and Daniel"
Ephraim Ledner MD,1241,Welch-D'Amore
Carol Wisoky,1242,Casper Inc
Sage Walker,1243,Romaguera PLC
Mckayla Schuppe,1244,Turcotte-Reinger
Prof. Abner Hayes,1245,Reynolds-Raynor
Kurtis Balistreri,1246,"Yost, Schmitt and Wisoky"
Clare Zemlak DDS,1247,Harvey-Daugherty
Ward Herman,1248,Wunsch LLC
Trisha Sanford,1249,Hane LLC
Prof. Francesco Treutel I,1250,"Cronin, Haley and Kreiger"
Miss Eloise Runte,1251,Halvorson-Keeling
Dr. Marguerite Ankunding Sr.,1252,Upton-Schulist
Assunta Thiel,1253,"Bogan, Botsford and Huel"
Kelsie Donnelly,1254,Walker LLC
Isaac Pollich,1255,Davis Group
Hazle Sawayn,1256,Hauck Ltd
Amalia Auer,1257,"VonRueden, Haag and Price"
Sharon Rosenbaum,1258,"Gislason, Hermann and Prohaska"
Summer Spinka,1259,Rempel Inc
Tatyana Jaskolski,1260,Schroeder-Bahringer
Aliya Schimmel,1261,"Littel, Dibbert and Smitham"
Mr. Merlin Jacobs Jr.,1262,O'Connell-Rippin
Lina Spinka,1263,Sanford-Miller
Dr. Bella Walter,1264,Ankunding LLC
Prof. Adriel Ullrich IV,1265,Bechtelar Inc
Dr. Kiarra Halvorson,1266,"Robel, Mitchell and Dooley"
Adell Sipes,1267,Russel-Mohr
Newell Zemlak,1268,Adams and Sons
Amiya Grimes I,1269,"McDermott, Witting and Lakin"
Mr. Hershel Ward,1270,"Mraz, Grant and Crooks"
Prof. Marcus Bahringer,1271,Bosco PLC
Hailee Hayes,1272,"Jenkins, Gibson and Grimes"
Kellie Lebsack Sr.,1273,Heidenreich Group
Pinkie Bruen,1274,Farrell Ltd
Oda Considine,1275,Okuneva-Mayert
Mrs. Claire Marvin,1276,Rau Ltd
Althea Abernathy,1277,Miller-Ferry
Garnett Schneider DVM,1278,Green-Kozey
Zetta Greenholt,1279,Adams and Sons
Monte Parker III,1280,Sauer Ltd
Dr. Haylie Howe IV,1281,"Gislason, Hermann and Hoeger"
Norma Jaskolski PhD,1282,Thompson-Hayes
Verona Hegmann,1283,Graham-Lehner
Lynn Bailey,1284,"Fay, Mueller and Lindgren"
Cheyanne Macejkovic,1285,Rowe-Labadie
Elisa Hills,1286,Barton Ltd
Akeem Hane,1287,Ullrich-Mohr
Dayton Oberbrunner,1288,Carter Inc
Dalton Beatty,1289,Frami-Konopelski
Christelle Bahringer,1290,Little-Klocko
Wanda Dooley,1291,Auer Group
Harold Olson,1292,"Sauer, Quigley and Orn"
Rebekah Waters PhD,1293,Wehner LLC
Cali Gutmann,1294,Weissnat-Lubowitz
Marge Green,1295,Fisher-Runolfsdottir
Elfrieda Rempel,1296,"Anderson, Lockman and Ortiz"
Howard Strosin,1297,"Homenick, Legros and Runolfsdottir"
Brayan Bernhard,1298,Batz Group
Deanna Ledner,1299,Lesch and Sons
Isadore McGlynn,1300,Kshlerin-Leannon
Jerrold Schneider,1301,Jakubowski PLC
Haylie Jacobson,1302,"Rohan, Hodkiewicz and Schimmel"
Kristy Baumbach,1303,Donnelly-Bergnaum
Estel Cummerata PhD,1304,Bins Group
Rosetta Predovic,1305,Hayes-Paucek
Al Spinka,1306,"Boehm, Jaskolski and Gulgowski"
Monica Jacobs,1307,Moen Group
Jalyn Bailey,1308,"Crist, Konopelski and Nienow"
Miss Antonetta Larkin,1309,Aufderhar Inc
Ms. Jana Deckow III,1310,Russel Inc
Rosalia Bradtke DVM,1311,Mills LLC
Prof. Elroy Reichel MD,1312,Barton LLC
Harvey Mueller,1313,"Barton, Jones and O'Keefe"
Myles Weissnat,1314,Pacocha Group
Ezra Ullrich III,1315,Von-Wisoky
Tressie Kling,1316,Homenick Ltd
Miss Euna Jakubowski MD,1317,Gusikowski Group
Alysa Becker Sr.,1318,Prohaska-Corkery
Rosie Miller,1319,Ortiz-Lakin
Major Veum,1320,Wisoky-Kunde
Keanu Sauer,1321,"Herzog, Stark and Dach"
Rosa Trantow,1322,Stanton-Spinka
Tyree Eichmann,1323,"Bayer, Schoen and Schuster"
Jonatan Kihn,1324,"Ferry, Champlin and Ernser"
Vince Keebler,1325,"Jakubowski, Metz and Ryan"
Rosemary McClure DDS,1326,Spinka LLC
Amara Weissnat,1327,"Batz, Becker and Ledner"
Orlando Kuvalis,1328,Kuhlman Ltd
Effie Lehner,1329,Schneider Ltd
Daisy West Jr.,1330,Harris LLC
Brianne Tromp,1331,"Jacobson, Hyatt and Bosco"
Jon Rice,1332,"Champlin, Gaylord and Hills"
Dillan Ryan,1333,Hyatt-Gutkowski
Miss Monica Vandervort,1334,Armstrong PLC
Alphonso Rath,1335,"Huel, Fisher and Ebert"
Luisa Swaniawski,1336,Will-Russel
Elda Morissette,1337,Pfeffer-Bruen
Danial Greenfelder,1338,Wunsch Inc
Maryam Nader,1339,Klein Inc
Mrs. Bernadine Wilderman MD,1340,"Kreiger, Jast and Corkery"
Tressa Mills,1341,"Beahan, Upton and Mayer"
Mrs. Patience Parisian MD,1342,"Roberts, Herzog and Funk"
Chanelle Rohan,1343,Bradtke-Turner
Jensen Schmitt II,1344,"Funk, Miller and Fadel"
Dr. Elroy Kihn I,1345,Osinski-Sanford
Ulices Wehner Sr.,1346,Hessel-Braun
Angie Kessler,1347,"Purdy, Rippin and Sipes"
Mrs. Kaya Paucek,1348,"Fahey, Crona and Berge"
Grayson O'Kon,1349,Boehm Ltd
Mr. Moses Ritchie III,1350,Nitzsche-Reilly
Devon Berge,1351,"Robel, Willms and Schroeder"
Stevie Daniel Sr.,1352,Sporer LLC
Lyla Schaden,1353,Kuhn Group
Prof. Hester Ebert PhD,1354,Franecki-Yundt
Ephraim Turner,1355,"Hoppe, Erdman and Buckridge"
Hilda Hayes,1356,Gaylord-Ankunding
Rupert Goodwin,1357,"Wehner, Leffler and Rempel"
Simone Lemke III,1358,Schimmel-Bogisich
Fatima Lemke I,1359,Mann-Hermann
Madonna Little,1360,Kiehn and Sons
Aurelio Lang,1361,Dare PLC
Miss Nadia Kub,1362,Lueilwitz PLC
Adah Hickle,1363,Boehm-Johnston
Rosalee Watsica,1364,"Fisher, Trantow and West"
Antonette Bergnaum Jr.,1365,Runolfsdottir-Hayes
Josue Mraz III,1366,"Ferry, Gleichner and Kris"
Everardo Schaden,1367,"O'Conner, Monahan and Runolfsdottir"
Stevie Littel,1368,Bogisich PLC
Candace Conn,1369,Vandervort-Beahan
Dr. Brice Shields Jr.,1370,Stehr Ltd
Lambert Jones,1371,Williamson Ltd
Royal O'Kon,1372,Monahan-Hermiston
Ms. Myrtie Bergnaum,1373,Mante Inc
Mason O'Kon MD,1374,Senger Ltd
Tremaine Okuneva,1375,Keeling Ltd
Joshua Jenkins,1376,"Stokes, Kuhic and Baumbach"
Haylee Abernathy,1377,Roberts Inc
Gaylord Ondricka,1378,Gibson-Balistreri
Brannon O'Kon,1379,West and Sons
Jakob Kihn,1380,Ortiz-Smitham
Bud Cormier,1381,"Sanford, Dooley and Williamson"
Dr. Ardella Kuhn DDS,1382,"Lemke, Gorczany and Schneider"
Houston Cummings,1383,Kuhic-Jenkins
Dr. Martin Leffler Jr.,1384,"Erdman, Kuvalis and Toy"
Mr. Jonatan Thompson,1385,Kuhn and Sons
Mr. Albin Kuhic,1386,"Schuppe, Schimmel and Runte"
Prof. Shania Kessler III,1387,Trantow Inc
Prof. Mortimer Aufderhar,1388,Flatley Ltd
Brennan Lynch,1389,"Nikolaus, Roob and Fahey"
Mrs. Araceli Abbott,1390,Harris-Auer
Icie Sporer,1391,Krajcik Group
Irwin Homenick,1392,Larkin-Dickens
Mary Ferry,1393,"Strosin, Jenkins and Lowe"
Darian Beer I,1394,Okuneva LLC
Florian Buckridge,1395,Jerde PLC
Orpha Rosenbaum,1396,Daugherty-Wuckert
Rudy Thiel,1397,Grimes-Douglas
Ms. Elyse Hackett,1398,Beahan LLC
Ms. Amya VonRueden III,1399,"Schmitt, Simonis and Maggio"
Mr. Horace Blanda,1400,Mante Ltd
Mrs. Lila Breitenberg,1401,Weber Group
Brent Wilkinson,1402,Hodkiewicz Ltd
Dejah Dooley,1403,Kuhn Ltd
Vicenta Bogan,1404,Senger Group
Dr. Howard Von,1405,Block PLC
Ethel Block,1406,McGlynn LLC
Ashtyn Cremin DDS,1407,"Zemlak, Mante and Boehm"
Jaeden Simonis,1408,"Herman, Hamill and Cormier"
Kole Carter,1409,Schneider-Jenkins
Dr. Unique Simonis,1410,Volkman-Schultz
Miss Brisa O'Connell III,1411,Breitenberg-Hickle
Newton Pfeffer,1412,Pfeffer-Feil
Lydia Wehner,1413,"Abernathy, Quitzon and Ortiz"
Frieda Erdman,1414,"Jones, Ledner and Stehr"
Lambert Bahringer,1415,Moen and Sons
Destin Lemke,1416,McGlynn Inc
Gerhard Krajcik,1417,Sporer-Crist
Mrs. Petra Zemlak,1418,Schroeder-Treutel
Eduardo Rohan,1419,Conroy-Lueilwitz
Dr. Eve Will,1420,Bergnaum Inc
Melyna Considine,1421,"Gleichner, Hoeger and Harvey"
Liliana Rogahn Jr.,1422,Bergstrom-Bashirian
Shyanne Kunde,1423,"Vandervort, Balistreri and Torp"
Mr. Norbert Wyman IV,1424,Langosh Group
Thomas Kunze,1425,Jacobson-Predovic
Deron Collins,1426,"Funk, Blick and Roob"
Giovani Larson,1427,"Haag, Kling and Osinski"
Ms. Trudie Kovacek,1428,"Beier, Dietrich and Hagenes"
Dr. Hayley Renner,1429,Schulist-Daniel
Aliyah Konopelski,1430,"Fritsch, Adams and Rutherford"
Jerod Torphy,1431,"Ullrich, Aufderhar and Mayer"
Miss Dana Paucek III,1432,Rutherford-Crooks
Josue Kertzmann,1433,Deckow and Sons
Aisha Gibson,1434,Ratke-Pouros
Tyrique Schmitt,1435,Hegmann and Sons
Alena Hoeger,1436,"Stark, Little and Will"
Luisa Hills,1437,"Thiel, Hilpert and Borer"
Jackson Lehner,1438,"Rowe, Boehm and Moore"
Ethyl Ankunding,1439,"Corwin, Von and Nicolas"
Lorenz Welch,1440,"Feeney, Hammes and Weissnat"
John Kunze,1441,Mills-Olson
Aglae Gottlieb I,1442,Deckow-Kling
Pierre Hessel,1443,Gaylord Inc
Dr. Olaf Paucek,1444,Hammes-Barton
Julianne Bernier,1445,Lueilwitz PLC
Prof. Nelle Graham I,1446,Wintheiser LLC
Dr. Deanna Kozey IV,1447,Kutch Ltd
Vallie Considine,1448,Carter Group
Prof. Eloisa Kuhn I,1449,Bogisich PLC
Tyson Weber,1450,Konopelski-Jast
Berniece Boyer,1451,Blick-Blick
Prof. Mattie Romaguera,1452,Kerluke LLC
Reina Kulas III,1453,"Carter, Nitzsche and Christiansen"
Jasen Wisozk,1454,"Casper, Cremin and Mills"
Jaiden Ankunding,1455,"Graham, Fritsch and Boyer"
Dennis Littel,1456,Simonis-Blick
Ms. Itzel Daniel DVM,1457,Quitzon Inc
Jany Gusikowski,1458,Hilpert-Walker
Joany Nikolaus,1459,Douglas-Littel
Ayla O'Kon,1460,"Wisoky, Dibbert and Rowe"
Prof. Jessyca Jaskolski DDS,1461,Johnston PLC
Patricia Lind,1462,Pagac and Sons
Prof. Judge Schamberger Sr.,1463,Skiles-Bartoletti
Jamel Waters I,1464,Kuvalis Ltd
Elinore Kilback,1465,Brekke-White
Merritt Effertz,1466,"Lueilwitz, Stokes and Price"
Dr. Deontae Bode MD,1467,"Collins, Blick and Hirthe"
Devan Towne,1468,Kshlerin-Durgan
Tressie Mitchell,1469,"Huels, Rogahn and Bergnaum"
Pauline Predovic,1470,"Stiedemann, Bosco and Stark"
Lavina Hettinger II,1471,Kuphal-Maggio
Mrs. Mable Jakubowski,1472,"Rogahn, Erdman and Baumbach"
Eunice Ruecker,1473,Shanahan Group
Olga Weimann,1474,Haag LLC
Shemar Gutmann,1475,Smith Group
Mrs. Kira Kuvalis II,1476,Emmerich Ltd
Lester Kerluke,1477,Ruecker-Conn
Adella Zieme,1478,Mohr Inc
Augustus Muller,1479,Hyatt-Mohr
Kendall Wilkinson I,1480,"Green, Torp and Collins"
Prof. Jess Yundt,1481,Corwin and Sons
Vivian VonRueden,1482,"Kilback, Kessler and Armstrong"
Janis Mayer,1483,"Kuhn, Larson and Abernathy"
Maryse Schulist MD,1484,"Baumbach, Auer and McDermott"
Ashtyn Bruen,1485,"Legros, Cormier and Buckridge"
Prof. Garrison McLaughlin,1486,"Dicki, O'Connell and Christiansen"
Ms. Kyra Mueller,1487,Torphy-Yundt
Ms. Kristina Ryan,1488,Schinner Inc
Carmela Mayert,1489,Smith Inc
Mr. David VonRueden III,1490,"Romaguera, Mayert and Jones"
Alessandro Sawayn,1491,Hartmann-Pagac
Zack Miller DDS,1492,Kuvalis-Koelpin
Adell Heller,1493,Shields-Christiansen
Frederick Russel,1494,Hoeger LLC
Gilbert Bahringer Sr.,1495,"Lehner, Langosh and Auer"
Kaylin Murphy,1496,Hilpert PLC
Thomas Stracke,1497,"Davis, Herman and Macejkovic"
Mr. Nathaniel Stokes PhD,1498,"Rutherford, Cronin and Bergstrom"
Mallory Daniel,1499,Kozey LLC
Prof. Grayson Denesik,1500,Mohr-Wisoky
Miss Matilda Sanford,1501,Collins Group
Braden Dooley,1502,"Hagenes, Bernhard and Thompson"
Julie Skiles,1503,"Senger, Purdy and Schroeder"
Stuart Haag,1504,Schuster and Sons
Ewell Beer DVM,1505,"Tromp, Streich and Cummings"
Antone Donnelly,1506,Cormier Inc
Aurelie Kunze,1507,Glover-Brekke
Prof. Shawna Dickens I,1508,Lesch-West
Darrell Dibbert,1509,Spencer-Hills
Hermann Mayer,1510,Walter-Kiehn
Christ Price,1511,"Shanahan, McDermott and Willms"
Meggie Ledner,1512,Heathcote LLC
Genevieve Ryan,1513,Hane-Schaefer
Bobby Blick,1514,Cruickshank-Littel
Lexus Dickens I,1515,"Kuphal, Orn and Stiedemann"
Eliezer Rau,1516,Ruecker-Bednar
Dr. Oran Anderson I,1517,Oberbrunner-Brakus
Mireya Spencer,1518,Langosh-O'Conner
Prof. Armando Stark,1519,Daniel PLC
Mrs. Florine Schroeder,1520,"Herzog, Medhurst and Sauer"
Miss Carissa Mueller,1521,"Gottlieb, Morissette and Bartell"
Abdullah Mueller,1522,"Bradtke, Kovacek and Rau"
Melissa Berge DVM,1523,Kerluke-Rolfson
Ryleigh Turcotte,1524,McCullough Group
Dr. Lea Veum,1525,Waelchi-Nader
Lola Monahan,1526,"Pfannerstill, Veum and Kohler"
Nash Considine,1527,Gibson LLC
Vincenza Frami III,1528,Schoen-Fritsch
Prof. Esther Kuhic II,1529,Gottlieb-Jacobson
America Jacobson V,1530,Graham-Ullrich
Johnathan Konopelski,1531,Wyman-Pfannerstill
Eldred O'Kon,1532,Okuneva and Sons
Ms. Sonya Rogahn IV,1533,Hoeger Group
Prof. Clovis Reichert,1534,Ratke LLC
Sienna Wiegand,1535,"Durgan, Konopelski and Thiel"
Jerod Weissnat,1536,Jones LLC
Rahul Cassin,1537,Huel Group
Dr. Elda Goyette,1538,Ernser-Mante
Irma Zemlak,1539,Ankunding Group
Bonnie Nikolaus II,1540,Boehm-Lakin
Mr. Desmond Schowalter,1541,"Bechtelar, Bechtelar and Wunsch"
Quinton Hyatt,1542,Graham Ltd
Dr. Eudora Hudson,1543,Reichel and Sons
Deanna Ernser,1544,"Gaylord, Smith and Herzog"
Freeman Wuckert,1545,"Buckridge, Daugherty and Runolfsdottir"
Tristian Dare,1546,Langworth-Kovacek
Prof. Luis Kuhlman,1547,"Hagenes, DuBuque and Barrows"
Robin Kutch,1548,Cummings Group
Mr. Floy Turner,1549,Pacocha LLC
Cullen Mertz,1550,"Simonis, Koch and Denesik"
Buster Champlin PhD,1551,"Osinski, Runte and Zemlak"
Clovis Rau,1552,"Stracke, Farrell and Lynch"
Mrs. Danielle Carter III,1553,Metz-Ortiz
Ezra Vandervort,1554,Hamill LLC
Adam Welch,1555,Balistreri-Hane
Alexandra Hayes,1556,"Daniel, Cronin and Ankunding"
Frances Gerhold,1557,Jenkins-Hegmann
Jaylon Bailey,1558,Kuvalis LLC
Zena Murphy,1559,"Kautzer, Blick and Kunze"
Margie Wisozk,1560,"Mante, Harvey and Orn"
Jaclyn Bernier,1561,"Walsh, Connelly and Stark"
Dr. Merl Kiehn,1562,"Quigley, Leuschke and Bogan"
Dr. Brook Feeney Sr.,1563,Greenholt-Koch
Dr. Anastasia Muller I,1564,Hills PLC
Marianna Pacocha,1565,Kerluke LLC
Sanford Miller,1566,"Homenick, Lueilwitz and Schumm"
Dr. Maximo Ziemann,1567,"Lakin, Abernathy and Little"
Lily Dare,1568,O'Keefe-Lindgren
Mrs. Kenyatta Wiza,1569,Walter-Mills
Junior Larkin,1570,Kemmer-Quigley
Dr. Gisselle Erdman PhD,1571,Runolfsdottir PLC
Miss Kariane Schoen PhD,1572,Bergstrom-Spencer
Olga Cummerata II,1573,"Stroman, Leffler and Mohr"
Ada Feest,1574,Windler Group
Delilah Stanton,1575,"Hilpert, Ankunding and Turner"
Clarabelle Murazik II,1576,Hettinger-Shanahan
Mr. Eino Schimmel Sr.,1577,Predovic Group
Esteban Rodriguez,1578,Homenick-Dickens
Friedrich Leuschke,1579,Hayes-Marquardt
Prof. Florine Leannon,1580,Schneider-Lehner
Ronaldo Macejkovic,1581,Klocko Group
Mrs. Kylee Rau Jr.,1582,Marquardt LLC
Russell Kautzer,1583,"Cummerata, Hoppe and Prosacco"
Marietta Braun,1584,Tromp and Sons
Tyrell Armstrong,1585,"Klocko, Kilback and Johns"
Camila Berge Sr.,1586,"Ritchie, Bailey and Koelpin"
Dr. Sadie Franecki,1587,Nader-Murphy
Prof. Felipa Reilly,1588,Waters PLC
Leonardo Ullrich,1589,Wintheiser LLC
Arianna Lind MD,1590,"Wisozk, Kihn and Herman"
Archibald Schowalter,1591,Hermiston Inc
Destin Romaguera,1592,Fay PLC
Shyann Weimann,1593,Schroeder-Jakubowski
Quinten Corkery PhD,1594,Kunde-Steuber
Chelsie Krajcik,1595,Gleason LLC
Prof. Kenya Mohr PhD,1596,O'Kon-Daniel
D'angelo Roob,1597,Kemmer-Ortiz
Ms. Brianne Kunze,1598,Rosenbaum-Monahan
Ottilie Volkman,1599,Durgan Inc
Nicklaus Feil,1600,"Cole, Swaniawski and Turner"
Nicolas Powlowski,1601,Oberbrunner and Sons
Ms. Blanche Grady,1602,Buckridge LLC
Jasper Bahringer,1603,Bergnaum-McClure
Carley Leannon,1604,Bernhard PLC
Dannie Ferry IV,1605,Leuschke-Hills
Prof. Hayden Price IV,1606,Cole Inc
Karl Kling,1607,"Towne, Schuppe and Kunze"
Marcelina Ratke Jr.,1608,Haag Group
Ettie Brakus,1609,"Heidenreich, Kuvalis and Cremin"
Mr. Joshuah Langworth,1610,Bernhard Inc
Winfield Pfannerstill IV,1611,"Berge, Emard and Cartwright"
Ms. Novella King,1612,"Nolan, Ondricka and Sanford"
Myrl Dibbert,1613,Beier Inc
Effie Kshlerin,1614,"Lubowitz, Schuster and Harris"
Eliane Lowe,1615,"Mann, Dickens and Blick"
Charity Boyle,1616,"Bins, Wunsch and Jakubowski"
Mr. Coy Heathcote,1617,Homenick Ltd
Shayne Veum,1618,Donnelly-Champlin
Martine Kreiger,1619,"Waters, Tromp and Murazik"
Carmen Bernier,1620,"Farrell, Feest and Mraz"
Mr. Amir Mayert,1621,"Rogahn, Borer and DuBuque"
Miss Jordane Gleason,1622,"Brown, Nienow and Hane"
Corene Corwin,1623,Wiegand-Altenwerth
Eloise Hamill Sr.,1624,Gibson Group
Dr. Noble Lehner,1625,Robel-Simonis
Mr. Abner Pouros,1626,Harber-Breitenberg
Maryjane Bernhard,1627,Boyle-Dickens
Mason Dickens Jr.,1628,O'Connell Ltd
Genesis Brown,1629,Kovacek and Sons
Maeve Keeling,1630,McGlynn-Cronin
Edgardo Rosenbaum,1631,Schmeler-Metz
Karlee Toy,1632,"Bergstrom, Rodriguez and Hauck"
Ms. Hettie Anderson,1633,Adams-Kuhic
Mr. Eli Ward,1634,"Gleichner, Klocko and Runte"
Claude Greenfelder IV,1635,Weissnat and Sons
Meaghan Armstrong,1636,"Hegmann, Harvey and Gerhold"
Edwardo Pfannerstill IV,1637,"Feest, Bednar and Champlin"
Margie Maggio,1638,"Nikolaus, Wolff and Hill"
Jamison Purdy,1639,Rohan-Kovacek
Mr. Timmy Fadel,1640,"Klein, Beier and King"
Ford Shields,1641,Dicki-Langosh
Jazmin Metz,1642,Kuphal-Veum
Zoie Hills,1643,Collins-Heaney
Dr. Jayce Heaney,1644,Weissnat-Barrows
Benny Grimes,1645,Littel-Schneider
Isidro Sporer,1646,Hartmann Inc
Abigayle Boyer,1647,"Auer, Huel and Hamill"
Prof. Roger Kilback Jr.,1648,Pacocha Inc
Silas Dickinson,1649,Herzog-Block
Ignacio Kshlerin,1650,Swift Group
Dr. Javier Schulist I,1651,"Waelchi, McDermott and Gislason"
Mrs. Magdalena Thompson,1652,Ankunding-Kohler
Dr. Drew Harvey PhD,1653,Borer-Stokes
Arjun King,1654,Abshire Group
Miss Annabelle Willms,1655,Ullrich Ltd
Rhianna Rath,1656,Hills Group
May Wisoky,1657,Yost PLC
Vida Legros,1658,"Ondricka, Ortiz and Ferry"
Mr. Bryce Stark,1659,Okuneva and Sons
Sydnee Raynor,1660,Kozey LLC
Prof. Stan Quigley Jr.,1661,Bergstrom Ltd
Mazie Lemke,1662,"Effertz, Littel and Barton"
Mr. Columbus Cole II,1663,Macejkovic LLC
Sonny Bauch,1664,Morissette LLC
Lamar McGlynn,1665,McCullough Inc
Cleta Rutherford,1666,Glover and Sons
Janelle Bergstrom,1667,"Schmitt, Halvorson and Cronin"
Chadrick Bins,1668,"Schamberger, Wyman and Towne"
Brando Baumbach,1669,Lebsack-Legros
Dr. Mittie Rippin,1670,"Schmeler, Wiegand and Conn"
Zora Predovic,1671,"Zemlak, Yost and Pollich"
Garnet Stehr,1672,"Toy, Johnston and Reilly"
Josiane West,1673,Pfannerstill Inc
Armand Parker,1674,McGlynn-Little
Raymond Kuhlman,1675,Dicki Group
Carey Rogahn,1676,Littel PLC
Maegan Zboncak,1677,Rempel-Huels
Kristofer Kertzmann,1678,"Altenwerth, Roob and Konopelski"
Micah Haag DVM,1679,Greenholt-Huels
Caroline Renner,1680,Torphy-Macejkovic
Frederik Funk,1681,Lowe LLC
Ericka Schmeler,1682,Maggio PLC
Vallie Wiza,1683,Klein-VonRueden
Jensen Purdy,1684,"Flatley, Boehm and Fadel"
Oda Spencer MD,1685,Corkery-Ankunding
Dr. Ernie Stokes,1686,Glover PLC
Prof. Lesley Haley I,1687,Rogahn-Baumbach
Miles Kessler DVM,1688,Renner Ltd
Jackeline Kozey,1689,Walsh-Renner
Maxie Wisoky,1690,Goyette-Durgan
Magnolia Kuphal,1691,Altenwerth-Hodkiewicz
Ludwig Okuneva,1692,Schmitt-Rohan
Alexandre Walker,1693,Nitzsche Ltd
Dr. Brando Fadel,1694,"Waters, Langworth and Schiller"
Americo Ernser,1695,Halvorson and Sons
Arne Gaylord,1696,Hodkiewicz-Morar
Ola Bahringer,1697,"Vandervort, McGlynn and Beahan"
Nathan Gleason,1698,Bednar Group
Ms. Edwina Yost,1699,"Yost, Douglas and Bruen"
Monserrat Harber,1700,Pfannerstill Inc
Dr. Andres Weber,1701,Beer LLC
Jamar Ullrich,1702,"King, Rau and Schoen"
Genoveva Hagenes PhD,1703,Murazik-Crist
Camylle Rodriguez,1704,"Ernser, Friesen and Waelchi"
Hunter Hahn,1705,O'Connell-Lakin
Houston Beahan,1706,"Jacobi, VonRueden and Hand"
Estevan Vandervort,1707,Botsford Group
Brionna Marks,1708,Luettgen-Lind
Miss Audrey Zboncak,1709,Fahey-Bednar
Mr. Manley Schneider,1710,Wolff PLC
Claire Wilkinson,1711,Kuhn-Macejkovic
Jeffery Fadel,1712,Homenick-McClure
Christ Bosco V,1713,Anderson-Mayer
Owen Greenfelder III,1714,"Powlowski, Schiller and Shanahan"
Amos Batz,1715,"Schumm, Kirlin and Hintz"
Mr. Rowland Heathcote,1716,"Ferry, Wehner and Farrell"
Casimer Wisoky,1717,"Streich, Nitzsche and Heller"
Miss Kitty Feil PhD,1718,Dicki-Mante
Prof. Maverick Rowe,1719,"Dooley, Kertzmann and Jacobson"
Dr. Lowell Walsh PhD,1720,Wiegand PLC
Oma Mueller,1721,Wisozk PLC
Odell Haley,1722,"Sauer, Huels and O'Keefe"
Natasha Monahan,1723,"Raynor, Hegmann and Brekke"
Prof. Shemar Stoltenberg Jr.,1724,Klein-O'Reilly
Carmel Hilpert Sr.,1725,Kessler-Smitham
Mr. Domenick Labadie,1726,Botsford Group
Deja Swift,1727,Terry-Mertz
Donavon Crist,1728,Hyatt-Lockman
Gracie Lind,1729,"Vandervort, Purdy and Wintheiser"
Cleo Pollich Sr.,1730,Romaguera-Schinner
Araceli Prosacco DVM,1731,Berge PLC
Ulises Morar,1732,Okuneva and Sons
Rex Daniel III,1733,Lakin PLC
Justine Waters,1734,"Bergnaum, Weimann and Bode"
Berniece Bashirian,1735,Cremin Group
Newton Wiegand,1736,Upton Ltd
Hester Barton,1737,Anderson-Thompson
Gilbert Harvey,1738,Purdy Ltd
Dana Hills,1739,"Grant, Shields and Gleason"
Karl Langworth,1740,Lakin Inc
Prof. Zackary Daniel,1741,"Bailey, Cremin and Terry"
Khalil Erdman Jr.,1742,Mraz Group
Telly Krajcik,1743,Kreiger-Adams
Geoffrey Fadel,1744,"Schultz, Ritchie and McGlynn"
Emil Skiles,1745,Green PLC
Gay Wunsch,1746,"Huels, Bosco and Wolff"
Bridgette Connelly,1747,Brekke-Thiel
Cleve Vandervort,1748,"Fahey, Lang and Swaniawski"
Mrs. Ophelia Bechtelar Jr.,1749,Wiza PLC
Annabelle DuBuque,1750,Effertz Inc
Herbert Lehner,1751,Schimmel LLC
Miss Ellie D'Amore,1752,O'Hara Inc
Mr. Brennan Considine MD,1753,Kerluke-McClure
Bernadine Johnson,1754,"Lemke, Beahan and Yost"
Devante Stracke,1755,Stamm-Leffler
Mr. Dane Klocko III,1756,Rau Group
Dillon Toy,1757,"Greenfelder, Rolfson and Jenkins"
Miss Zelma Ratke,1758,Farrell-Schowalter
Eleanore Walter,1759,Stehr-Sawayn
Aurore Daniel,1760,Wilderman and Sons
Miss Leta DuBuque,1761,West Ltd
Ally Stehr,1762,"Morar, Bartell and Volkman"
Ms. Shayna Barton V,1763,"Willms, Corwin and Dare"
Mr. Dave Moore IV,1764,Hauck Ltd
Carlotta Walter,1765,Rau Ltd
Zakary Mayer MD,1766,King Inc
Robbie Feil,1767,"Weissnat, Bednar and Brakus"
Mr. Zackary Walsh II,1768,Marks Inc
Martin Ortiz PhD,1769,Stark Ltd
Curt Hill III,1770,Gutmann-Buckridge
Fanny Heidenreich,1771,Willms-Herzog
Mrs. Joanne Schmidt,1772,Durgan-Gaylord
Scotty Altenwerth III,1773,Bode-Trantow
Naomie Fahey,1774,"Rodriguez, Towne and Kihn"
Grayce West,1775,Ferry-Steuber
Prof. Valerie Goodwin,1776,"Walsh, Cole and Gutkowski"
Rosalinda Smith,1777,"O'Conner, Klein and Klocko"
Michaela Waelchi,1778,Collins PLC
Prof. Cindy Mayer IV,1779,"Treutel, Kirlin and Hills"
Crystal Predovic,1780,Strosin Ltd
Deja Cronin,1781,"Kovacek, McGlynn and Wehner"
Nya Wehner,1782,"Moore, Kris and Schumm"
Wellington Schamberger,1783,Hagenes and Sons
Miss Leora Stiedemann V,1784,Wisozk-Klein
Evalyn Barton,1785,"Johnson, Leannon and Kris"
Prof. Deanna Witting,1786,Cassin and Sons
Linda Torphy,1787,Schaefer Inc
Dr. Larue Friesen,1788,Kohler Ltd
Lowell Beahan,1789,"Marquardt, Ondricka and Larson"
Mrs. Vergie Okuneva Jr.,1790,Franecki-Rau
Mr. Kelton Legros,1791,McGlynn-Hudson
Angelo Mayert,1792,"Funk, Labadie and Quitzon"
Alyson McClure,1793,Walker-Senger
Alivia Barrows DVM,1794,Reichel and Sons
Marilyne Kutch,1795,"Stamm, Rau and Wuckert"
Joanny Shanahan V,1796,"Fritsch, Pacocha and Dach"
Greyson Kuhic,1797,Hamill LLC
Brayan Purdy,1798,Prosacco Inc
Freddy Goyette,1799,"Miller, Turner and Rice"
Gavin Flatley,1800,Daniel-Bahringer
Prof. Tyrese Bogisich,1801,"Brekke, Reinger and Gibson"
Myron Lueilwitz,1802,"Fadel, Ortiz and Nikolaus"
Cale Schowalter,1803,Hintz-McDermott
Jennie Hagenes PhD,1804,Steuber PLC
Dr. Gennaro Strosin Jr.,1805,Ziemann-Kshlerin
Oma Powlowski IV,1806,"Kuhn, Satterfield and Klocko"
Mr. Franco Wolff III,1807,"McClure, Kunde and Runolfsdottir"
Alyson Olson,1808,"Kutch, Donnelly and Koch"
Gina Pacocha,1809,Gusikowski-Stracke
Jalon Borer,1810,Armstrong-Kuhn
Eduardo Heidenreich,1811,Zemlak and Sons
Terrell Rau,1812,Funk-Gislason
Carolina O'Hara Sr.,1813,Torphy Group
Anita Schaden,1814,Ziemann-Bauch
Westley Ernser I,1815,"Wunsch, Collins and Blick"
Yasmine Kautzer,1816,Ziemann-Yost
Abelardo Tremblay,1817,Bradtke-Metz
Rollin Abbott Jr.,1818,Nikolaus PLC
Prof. Dianna Pouros,1819,Dickinson Inc
Dr. Jaden VonRueden V,1820,Muller-Lang
Prof. Octavia Konopelski,1821,Connelly-McCullough
Lauretta Schulist,1822,Wolf Ltd
Dewitt Kshlerin V,1823,Armstrong Inc
Kianna Hauck,1824,"Casper, Bauch and Bergstrom"
Osbaldo Rolfson,1825,"Gottlieb, Upton and Schulist"
Mrs. Emely Braun I,1826,Romaguera Inc
Winnifred Kutch,1827,Bashirian-Schumm
Adonis Gusikowski,1828,Orn-Bahringer
Arno Ullrich,1829,Mills and Sons
Prof. Wilson Bergnaum,1830,"VonRueden, Brekke and Conroy"
Miss Isabell Kovacek,1831,Lind-Reinger
Anastasia Gerlach DVM,1832,Harris-Mante
Prof. Hollie Romaguera,1833,"Schuster, Schneider and Herzog"
Americo Muller,1834,Mitchell-Gleason
Camren Abshire Sr.,1835,Reinger PLC
Prof. Amanda Hegmann,1836,Legros-Mayert
Mrs. Allie Turner,1837,"Roberts, Rodriguez and Padberg"
Prof. Monroe Wunsch,1838,Adams Ltd
Cathrine O'Reilly,1839,Tromp PLC
Cicero Grant,1840,"Walter, Cronin and Schroeder"
Jimmy Gibson,1841,Marks-Murazik
Kaitlyn Schulist,1842,Kulas and Sons
Prof. Pearl Bogan PhD,1843,Sipes-Ward
Kendall Wehner,1844,Hintz-Orn
Evans Reinger,1845,McClure-Lueilwitz
Coy Sauer,1846,"Witting, Boyer and Mertz"
Modesta Doyle,1847,"Maggio, McKenzie and Zieme"
Dr. Davonte Haley IV,1848,Simonis-Hodkiewicz
Dr. Juanita Smitham I,1849,Medhurst and Sons
Kasandra Weimann,1850,Lehner LLC
Ms. Lenna Skiles DVM,1851,"Labadie, Stehr and Schoen"
Junius Bradtke,1852,Waelchi Group
Mr. Judge Emmerich V,1853,"Gislason, Carroll and Walker"
Floyd Pfannerstill,1854,"Donnelly, Kessler and Kautzer"
Curt Bauch,1855,Gaylord-Batz
Prof. Mack Lakin,1856,"Hand, Purdy and Wisozk"
Dr. Matt Wyman,1857,Okuneva-Roob
Juliana Ruecker,1858,Towne Inc
Jessica Kautzer,1859,Haag PLC
Devante Pacocha,1860,Jenkins and Sons
Emerson Grant MD,1861,Parisian Group
Dr. Titus Mosciski V,1862,Pagac Group
Dr. Rodolfo Beer II,1863,"Heidenreich, Mante and Leannon"
Emilio Ryan,1864,Stoltenberg LLC
Rosalyn Walsh,1865,Daniel LLC
Mr. Adriel Skiles IV,1866,"Armstrong, Donnelly and Reinger"
Sylvan Harris,1867,Hackett-Kling
Elissa Mayert,1868,Dibbert-Baumbach
Olin Armstrong MD,1869,Reynolds-Wisozk
Elisabeth Smitham,1870,"Rippin, Funk and Cummings"
Virginie Dickens II,1871,Jacobi-Marquardt
Helena Green Jr.,1872,Auer-Maggio
Ignatius Casper,1873,"Eichmann, Russel and Donnelly"
Dr. Joe Spinka MD,1874,"Veum, Leannon and Mills"
Preston Tromp,1875,"Hettinger, Mayer and Mayer"
Afton Trantow,1876,Fadel-Deckow
Dr. Luis Osinski,1877,Schumm-Mann
Eldridge Reichel,1878,"Johns, Gusikowski and Cartwright"
Chaz Wiza,1879,"Reichert, Lynch and Dooley"
Mr. Fern Tromp I,1880,Rath-Wintheiser
Miss Vesta Spencer DDS,1881,Volkman Inc
Fannie Keebler,1882,Kuhn and Sons
Brielle Larson DVM,1883,Towne-Bednar
Mr. Sedrick Heller,1884,Barrows PLC
Mr. Seamus Gleason,1885,"Dach, Crist and Champlin"
Rashawn Cruickshank V,1886,Friesen-Leannon
Mrs. Berniece Abshire,1887,"Reichert, Johns and Prosacco"
Dana Rohan IV,1888,"Bartoletti, O'Conner and McKenzie"
Mr. Darrel Greenholt,1889,Ebert and Sons
Alexandrea Johnson,1890,Boyer-Ondricka
Eulah Kling Sr.,1891,Fadel LLC
Joshuah Stroman,1892,Borer-Schuster
Emmanuel Romaguera,1893,"Hegmann, Stanton and Carter"
Baby Lubowitz Sr.,1894,Schultz-Roberts
Delores Haag,1895,Zulauf-Quitzon
Jarrell Weber,1896,"Stracke, Schinner and Cummerata"
Ms. Katrina Waelchi,1897,Rogahn-Murazik
Adan Balistreri,1898,"Johns, Sauer and Botsford"
Dayne Williamson,1899,Bartoletti Inc
Delia Windler,1900,Waelchi-Bode
Lisa Bogisich,1901,Pouros-Ernser
Della Huel IV,1902,Effertz-Towne
Mara Monahan,1903,Ullrich-Kessler
Eric Dickinson,1904,Schuppe-Mraz
Wendell Kessler DDS,1905,"Schinner, Wolff and Pfeffer"
Claire Schroeder,1906,"Grimes, Daniel and Mayer"
Cierra Kling,1907,Rempel-Lockman
Chase Dibbert,1908,Rolfson-Wolf
Cleveland Halvorson,1909,"Robel, Schinner and Rodriguez"
Dr. Freeman Larson,1910,Willms-Bauch
Mr. Pietro Zemlak I,1911,Crona Ltd
Angelo Prosacco,1912,Corwin-Cummings
Dina Jacobson,1913,"Jast, Cummings and Koss"
Graham Corwin,1914,Tillman PLC
Dr. Hadley Welch MD,1915,Mitchell Ltd
Mr. Lenny Cartwright,1916,Mitchell-Lubowitz
Curt Treutel,1917,Langworth Ltd
Curtis Reichel,1918,Kuvalis-Price
Dr. Keagan Braun PhD,1919,Nolan-Moore
Lillian Senger,1920,"Gibson, Pfeffer and Zemlak"
Mr. Tristin Frami IV,1921,"Wisozk, Hand and Altenwerth"
Mr. Terrell Barrows II,1922,"Schmidt, Legros and O'Kon"
Prof. Olga Murphy,1923,Jast-Spencer
Reanna Runolfsson III,1924,Harvey PLC
Shawna Reichert,1925,Stanton PLC
Rosamond Daniel,1926,Metz Inc
Fannie Stehr,1927,"Braun, Swift and Witting"
Monserrate Kshlerin V,1928,Schaden Ltd
Shea West,1929,"Rosenbaum, Smith and Rippin"
Jeffrey Larkin,1930,"Daugherty, Yundt and Beatty"
Dr. Baron Goodwin MD,1931,Doyle-Bosco
Carole Kuhn,1932,"VonRueden, Fahey and Dicki"
Maurine Becker DDS,1933,"Schmeler, Lemke and Herzog"
Remington Farrell,1934,Klein-Little
Ahmad Langosh,1935,Hayes Ltd
Liza Lesch,1936,Spinka-Wiegand
Bailee Altenwerth DVM,1937,Trantow-Steuber
Anya Cartwright,1938,Sipes-O'Keefe
Shaina Orn IV,1939,Yost-Emmerich
Ernestina Dare,1940,Hirthe Inc
Jessy Klocko,1941,"Dietrich, Klocko and Spinka"
Elnora Torp Sr.,1942,Hoppe Ltd
Furman Ondricka,1943,"Roberts, Schmidt and Batz"
Joannie Hyatt PhD,1944,Emard-Sauer
Prof. Ova Hills,1945,"Russel, Rippin and Larkin"
Clementine Grimes,1946,Jaskolski-Thiel
Mauricio Bartell,1947,Ortiz Inc
Kyra Kihn Jr.,1948,"Cremin, Gorczany and Aufderhar"
Carol Reynolds,1949,Reichert-Bosco
Mrs. Raquel Watsica,1950,Smith LLC
Vivien Daniel III,1951,Paucek-Larkin
Mrs. Mayra Hessel Sr.,1952,"Hirthe, Toy and Spinka"
Jennifer Medhurst,1953,Zboncak-Mayer
Judy Marquardt,1954,Prohaska and Sons
Ahmed Block,1955,Wehner PLC
Antone Daugherty,1956,Heidenreich Ltd
Edythe Thiel,1957,"Greenholt, Schamberger and McClure"
Dr. Hilma Leffler,1958,Dach PLC
Ethelyn Altenwerth,1959,Dare-Stark
Dr. Scot Williamson DDS,1960,"Sporer, Rogahn and Schmidt"
Shanny Greenfelder,1961,"Schamberger, Herzog and Hand"
Celia Jerde,1962,Windler and Sons
Miss Jessika Ebert DDS,1963,"Roberts, Fahey and Konopelski"
Mr. Triston Klocko,1964,Powlowski-Lebsack
Sonya Hoeger,1965,"Schowalter, Ankunding and Wiegand"
Thad Fahey,1966,"Flatley, Adams and Rutherford"
Brandt Fadel,1967,"Konopelski, Runolfsdottir and White"
Mr. Alden Witting MD,1968,Dickinson LLC
Cecelia Ward,1969,"Lehner, Donnelly and Pfeffer"
Ceasar Kilback,1970,Kerluke Ltd
Dangelo Jerde,1971,"King, Steuber and Quitzon"
Dr. Eleanora Reichel,1972,"Rohan, McDermott and Braun"
Winifred Steuber,1973,Langosh-Quigley
Bonnie Wintheiser,1974,"Wisozk, Pagac and Bradtke"
Dr. Mitchel Cartwright,1975,Grady LLC
Ethan Schaden,1976,"Braun, Schowalter and Ruecker"
Dr. Dorcas Erdman III,1977,Altenwerth Inc
Abner Larson DDS,1978,Bartoletti-Hirthe
Juvenal Tillman,1979,Orn Ltd
Dr. Parker Padberg,1980,Volkman-Hane
Mrs. Meggie Cremin DDS,1981,Thiel Inc
Rogers Paucek,1982,Hansen-Williamson
Everette Emmerich,1983,Maggio Group
Rory Pagac,1984,"Zboncak, Gutkowski and Blanda"
Dennis Anderson,1985,"Larson, Wyman and Tromp"
Prof. Eliezer Marks,1986,Prosacco-Padberg
Adah Mraz,1987,Johnston PLC
Deion Spencer,1988,Kunze Group
Mr. Johnson Schimmel I,1989,Heller Inc
Dominic Zulauf,1990,"Yost, McCullough and Grimes"
Ms. April Barrows,1991,Walter-Roberts
Duncan Jacobi,1992,"Nitzsche, Jenkins and Feil"
Pierce Koepp,1993,Schumm-Hodkiewicz
Gene Bernier,1994,Sawayn-Flatley
Kelley Klocko,1995,"Barrows, Grant and Casper"
Mrs. Kaitlyn Schulist,1996,"Torp, Donnelly and Walter"
Dr. Edison Littel,1997,Schamberger and Sons
Charlie Paucek,1998,"McGlynn, Parisian and West"
Prof. Scarlett Dooley,1999,"Cassin, Jaskolski and Becker"
Ms. Christelle Lueilwitz,2000,Larkin-Abbott
