ID,EMPNAME,ABOUT
EMP1,Whitney Lucas,cursus.
EMP2,Nita Leach,Integer
EMP3,Tanner Guy,scelerisque
EMP4,Len Frost,"non,"
EMP5,Keiko Terry,dictum
EMP6,Lacey Brown,Cras
EMP7,Imogene Parrish,"a,"
EMP8,Willow French,ut
EMP9,Maile Holden,suscipit
EMP10,Devin Bryant,velit.
EMP11,George Mathis,sociis
EMP12,Freya Frederick,at
EMP13,Cailin Shaw,dictum
EMP14,Erich Jensen,natoque
EMP15,Guinevere Roman,Cras
EMP16,Whoopi Stanley,tempor
EMP17,Uma Woodard,Donec
EMP18,Adam Foley,"odio,"
EMP19,Hayden Donovan,accumsan
EMP20,Rajah Hawkins,sapien.
EMP21,Macon Murphy,Donec
EMP22,Leila Wolfe,Donec
EMP23,Halee Haley,fringilla
EMP24,Judith Lloyd,risus.
EMP25,Madaline Santos,auctor
EMP26,Clio Santiago,Fusce
EMP27,Zephania Hull,eu
EMP28,Hoyt Knight,Proin
EMP29,Todd Cross,Nullam
EMP30,Emi Downs,lectus
EMP31,Herman Mckay,egestas.
EMP32,Driscoll Mercer,Aliquam
EMP33,Cade Mercado,quam
EMP34,Brody Hughes,dui.
EMP35,Josiah Hamilton,"tempus,"
EMP36,Aline Clay,"ornare,"
EMP37,Lillian Hester,Integer
EMP38,Larissa Roy,in
EMP39,Salvador Craft,porttitor
EMP40,Dorian Stanley,blandit
EMP41,Murphy Daniel,"nostra,"
EMP42,Francis Case,Nam
EMP43,Germaine Noel,"lacus,"
EMP44,Shana Baird,cursus
EMP45,Yuri Castro,In
EMP46,Amanda Hickman,"quis,"
EMP47,Carlos Morin,dolor.
EMP48,Tiger Rose,ligula.
EMP49,Kim Barker,Ut
EMP50,Rebekah Lindsay,lectus
EMP51,Lesley Conner,quam.
EMP52,Halee Nash,pede
EMP53,Dante Dickson,sagittis.
EMP54,Jasper Baxter,magna
EMP55,Bianca Sanchez,non
EMP56,Sebastian Alexander,Nunc
EMP57,William O'brien,Nunc
EMP58,Martina Wolfe,In
EMP59,Bruno Hatfield,sem
EMP60,Jason Solomon,non
EMP61,Quemby Rowe,mi
EMP62,Yuli Mcgowan,Cras
EMP63,Nina Holland,sed
EMP64,Lesley Chan,risus.
EMP65,Christian Santana,Mauris
EMP66,Phillip Hamilton,Ut
EMP67,Hasad Glover,adipiscing
EMP68,Cara Garcia,"ac,"
EMP69,Yoko Osborne,Nunc
EMP70,Audrey Reid,arcu.
EMP71,Lee Fischer,egestas
EMP72,Iliana Greene,suscipit
EMP73,Selma Armstrong,auctor
EMP74,Karen Rowland,bibendum
EMP75,Scarlet Rowe,feugiat
EMP76,Hedwig Owens,ac
EMP77,Kylie Newton,enim.
EMP78,Driscoll Clements,Nulla
EMP79,Vincent Carlson,sem.
EMP80,Jane Spence,Maecenas
EMP81,Mannix Todd,tincidunt
EMP82,Hollee Rich,In
EMP83,Theodore Hoffman,dictum
EMP84,Karly Buchanan,Etiam
EMP85,Hermione Durham,ipsum.
EMP86,Madaline Bass,"eu,"
EMP87,Hollee Delgado,faucibus
EMP88,Eagan Pennington,"ut,"
EMP89,Camilla Cardenas,a
EMP90,Brooke English,lectus
EMP91,Samuel Knowles,quam.
EMP92,Nell Mercado,eu
EMP93,Allistair Elliott,consequat
EMP94,Piper Adkins,penatibus
EMP95,Breanna Pope,dignissim
EMP96,Liberty Huff,diam.
EMP97,Dahlia Grimes,nec
EMP98,Donna Browning,"a,"
EMP99,Idona Howell,scelerisque
EMP100,Maryam Gregory,"auctor,"
EMP101,Aspen Mccullough,dui.
EMP102,Deacon Tyson,nisl
EMP103,Aurora Austin,"id,"
EMP104,Lawrence Meyer,dapibus
EMP105,Alea Sweeney,hendrerit
EMP106,Holmes Whitney,interdum.
EMP107,Graham Christian,luctus
EMP108,Clinton Goff,nec
EMP109,Colette Winters,leo.
EMP110,September Kaufman,Sed
EMP111,Thaddeus Molina,sem
EMP112,Cheyenne Berry,Phasellus
EMP113,Kameko Russo,adipiscing
EMP114,Serina Henderson,amet
EMP115,Britanni Berg,"eleifend,"
EMP116,Kasimir Diaz,"pharetra,"
EMP117,Philip Hartman,"a,"
EMP118,Elvis Salazar,ligula.
EMP119,Josephine Gibson,eu
EMP120,James Ortega,Cras
EMP121,Dolan Johns,pretium
EMP122,Nayda Henson,Donec
EMP123,Andrew Cortez,arcu.
EMP124,Audrey Ashley,tempus
EMP125,Zephania Harrison,"sem,"
EMP126,Lucian Newman,"mi,"
EMP127,Brittany Contreras,convallis
EMP128,Graiden Duffy,Phasellus
EMP129,Candice Gentry,"dui,"
EMP130,Cathleen Perez,metus
EMP131,Sonia Mcmahon,elementum
EMP132,Zenia Strickland,arcu.
EMP133,Price Burt,scelerisque
EMP134,Ingrid Hendrix,aliquet
EMP135,Hunter Roach,"ornare,"
EMP136,Zachery Rice,et
EMP137,Keely Garcia,adipiscing
EMP138,Valentine Freeman,ut
EMP139,Graham Rhodes,dolor
EMP140,Alan Neal,"quis,"
EMP141,Rahim Morrow,Donec
EMP142,Lee Parks,pede.
EMP143,Jaime Mcgee,lorem
EMP144,Abbot Solis,mi
EMP145,Rana Dixon,sed
EMP146,Ivan Graham,Integer
EMP147,Merrill Haley,libero
EMP148,Marny Woodard,eleifend
EMP149,Noah Hubbard,sed
EMP150,Avram Malone,Cum
EMP151,Abdul Cardenas,"lobortis quis,"
EMP152,Jessamine Erickson,"rhoncus id,"
EMP153,Regan Benson,"felis orci,"
EMP154,Baker Armstrong,libero et
EMP155,Iola Calhoun,vel quam
EMP156,Lee Bell,magna a
EMP157,Kitra Phillips,Aenean eget
EMP158,Lenore Mckay,"sit amet,"
EMP159,Shoshana Cardenas,rhoncus. Nullam
EMP160,Nigel Garrett,feugiat. Sed
EMP161,Geraldine Solomon,"purus, in"
EMP162,Anjolie Miranda,Etiam imperdiet
EMP163,Leah Wilson,augue scelerisque
EMP164,Tate Matthews,"elementum sem,"
EMP165,Dora Perry,nunc risus
EMP166,Sean Bauer,non enim.
EMP167,Finn Paul,"semper et,"
EMP168,Hayfa Livingston,"sed, sapien."
EMP169,Iona Gomez,sed dolor.
EMP170,Rose Barnes,Aenean gravida
EMP171,Brynne Cobb,"sem, consequat"
EMP172,MacKensie Melendez,cubilia Curae
EMP173,Inez Browning,arcu. Vestibulum
EMP174,Helen Mcbride,Donec felis
EMP175,Thane Maxwell,aptent taciti
EMP176,Cole Grant,sapien. Aenean
EMP177,Zeus Wilcox,egestas. Sed
EMP178,Basil Mclaughlin,Proin velit.
EMP179,Candace Roberts,sem. Nulla
EMP180,Mira Spears,nisl. Quisque
EMP181,Grant Barker,penatibus et
EMP182,Kyle Sloan,aliquet magna
EMP183,Tanek Fowler,cursus purus.
EMP184,Jermaine Kelley,Integer sem
EMP185,Byron May,"ligula tortor,"
EMP186,Josiah Lawrence,per inceptos
EMP187,Yvette Roberts,Vestibulum ante
EMP188,Gail Pollard,litora torquent
EMP189,Kiara Stuart,non massa
EMP190,Myra Byrd,"pretium et,"
EMP191,Shelley Leonard,"facilisis non,"
EMP192,Oren Nguyen,tempor diam
EMP193,Talon Mann,"non, hendrerit"
EMP194,Phyllis Joseph,cubilia Curae
EMP195,Libby Allison,"lectus pede,"
EMP196,Isaiah Palmer,convallis convallis
EMP197,Kenneth Briggs,Etiam bibendum
EMP198,Xaviera Barber,Donec at
EMP199,Linda Farley,Cras eget
EMP200,Dolan Meyers,iaculis odio.
EMP201,Ishmael Lopez,"elementum at,"
EMP202,Faith Jennings,"sapien, gravida"
EMP203,Camden Hinton,est arcu
EMP204,Audra Salazar,vestibulum. Mauris
EMP205,Lewis Savage,"dictum mi,"
EMP206,Denise Hartman,molestie dapibus
EMP207,Kirsten Barrett,dolor sit
EMP208,Olivia Estes,tellus eu
EMP209,Macey Kinney,at arcu.
EMP210,Connor Blanchard,"lacinia vitae,"
EMP211,Athena O'connor,est. Nunc
EMP212,Orlando Jordan,"risus odio,"
EMP213,Rudyard Meyer,sed dictum
EMP214,Arden Abbott,"sit amet,"
EMP215,Hoyt Hopkins,lectus. Cum
EMP216,Jameson Stephenson,ridiculus mus.
EMP217,Stephen Lucas,"a, auctor"
EMP218,James Schroeder,adipiscing lacus.
EMP219,Elmo Chandler,Cras dictum
EMP220,Barbara Wyatt,sociis natoque
EMP221,Lynn Sweet,eget laoreet
EMP222,Athena Summers,risus. Quisque
EMP223,Natalie Giles,Phasellus ornare.
EMP224,Shea Wood,"cursus a,"
EMP225,Dorothy Knowles,nonummy. Fusce
EMP226,Hasad Sharpe,"sollicitudin a,"
EMP227,Anika Wiggins,magna. Phasellus
EMP228,Cherokee Taylor,et pede.
EMP229,Kyle Holden,mauris eu
EMP230,Cairo Miller,risus. Nunc
EMP231,Yardley Jordan,"risus, at"
EMP232,Ginger Sanford,est tempor
EMP233,Finn Mcintosh,"a, scelerisque"
EMP234,Dacey Livingston,Quisque nonummy
EMP235,Nola Robles,Cras eu
EMP236,Marcia Guerrero,massa. Vestibulum
EMP237,Geoffrey Zamora,eu tempor
EMP238,Price Burch,in faucibus
EMP239,Kasper Pope,"feugiat nec,"
EMP240,William Golden,ut nisi
EMP241,Ryder Weaver,lobortis augue
EMP242,Jade Hurley,Integer urna.
EMP243,Prescott Villarreal,sem semper
EMP244,Adena Berger,dignissim magna
EMP245,Cherokee Campos,Phasellus elit
EMP246,Lamar Cline,ipsum non
EMP247,Mark Dodson,Mauris quis
EMP248,Melinda Mayer,ac turpis
EMP249,Kiona Finley,"tempus eu,"
EMP250,Darrel O'donnell,enim. Etiam
EMP251,Cecilia Gallegos,Ut sagittis
EMP252,Deanna Sawyer,magna et
EMP253,Tamekah Miller,dictum sapien.
EMP254,Jamal Browning,"lectus pede,"
EMP255,Upton Maddox,"commodo at,"
EMP256,Raphael Stephens,luctus sit
EMP257,Bruce Mendoza,egestas ligula.
EMP258,Nayda Crosby,"mauris elit,"
EMP259,Farrah Hull,mi eleifend
EMP260,Jordan Paul,ante lectus
EMP261,Craig Salazar,purus mauris
EMP262,Pascale Sharpe,"dolor dolor,"
EMP263,Cadman Workman,velit. Aliquam
EMP264,Zenaida Dickerson,arcu. Vivamus
EMP265,Upton Haley,metus. Aenean
EMP266,Demetria Glass,tristique aliquet.
EMP267,Maile Terrell,"porttitor vulputate,"
EMP268,Joan Morton,Proin mi.
EMP269,Kylee Henderson,non quam.
EMP270,Channing Walsh,accumsan neque
EMP271,Grady Dotson,non lorem
EMP272,Kyla Glass,"cursus luctus,"
EMP273,Darius Gutierrez,et nunc.
EMP274,Destiny Webster,sit amet
EMP275,Paki Carlson,sem magna
EMP276,Nero Decker,a felis
EMP277,Zahir Solomon,mollis lectus
EMP278,Maxwell Medina,elit. Etiam
EMP279,Fitzgerald Chen,odio a
EMP280,Ferris Koch,"diam nunc,"
EMP281,Louis Schneider,"mi pede,"
EMP282,Ramona Phillips,Nunc quis
EMP283,Kenyon Owen,Ut tincidunt
EMP284,Boris Whitley,nulla. In
EMP285,Kerry Payne,"pharetra ut,"
EMP286,Caryn Wyatt,"non, cursus"
EMP287,Macey Montoya,commodo tincidunt
EMP288,Rebekah Jenkins,"diam nunc,"
EMP289,Aspen Fernandez,enim. Mauris
EMP290,Gregory Pittman,Phasellus elit
EMP291,Gabriel Little,"faucibus ut,"
EMP292,Moses Ball,nec urna
EMP293,Carson Reilly,arcu et
EMP294,Camille Shepherd,"dictum eu,"
EMP295,Carl Villarreal,Donec at
EMP296,Alexander Walsh,Cras sed
EMP297,Cleo Powers,elit sed
EMP298,Theodore Avery,sed consequat
EMP299,Levi Frost,"sed, hendrerit"
EMP300,Hayley Ellis,et ipsum
