name,city,salary
Caesar Fry,Gangtok,16369
Mary Vincent,Ajmer,31567
Griffin Sykes,Itanagar,13505
Honorato Crane,Kota,44823
Prescott Trevino,Vidisha,36114
Jared Erickson,Itanagar,23314
Ishmael Clayton,Panjim,46008
Quynn Dominguez,Sikar,66118
Deacon Duncan,Pali,11525
Amity Brennan,Sikar,49346
Malik Hawkins,Haridwar,26650
Katelyn Cline,Delhi,74687
Mercedes Rowland,Daman,30332
Zenia Hardin,Rohtak,69941
Matthew Mcfadden,Silchar,52181
Isabella Foreman,Agartala,32487
Upton Fuller,Itanagar,98440
Danielle Dunlap,Uttarpara-Kotrung,65940
Phillip David,Valparai,90123
Kevyn Hooper,Shillong,17167
Byron Doyle,Shivapuri,95383
Gavin Mueller,Silvassa,87634
Vivian O'donnell,Tuticorin,63892
Hermione Maxwell,Shillong,28011
Lucas Gillespie,Farrukhabad-cum-Fatehgarh,47188
Naomi Guzman,Kohima,90272
Nicole Higgins,Meerut Cantonment,84623
Stone Vazquez,Kohima,45764
Serena Whitfield,Aizwal,45178
Simon Stone,Delhi,67824
Marsden Dotson,Bansberia,86178
Rachel Banks,Bokaro Steel City,17639
Harrison Salazar,Dewas,72442
Merrill Rivas,Chandigarh,40409
Nasim Ortiz,Asansol,58050
Halla Mathews,Pondicherry,63438
Jesse Valencia,Wardha,84555
Matthew Rivas,Vidisha,23647
Halee Leach,Alwar,50241
Nichole Slater,Agartala,78879
Naomi Ball,Silvassa,79737
Skyler Payne,Dera Ghazi Khan,12002
Alexis Delgado,Rohtak,46545
Macy Hartman,Delhi,19065
Dale Osborne,Kohima,15876
Adena Wright,Port Blair,99054
Teagan Gould,Imphal,48836
Indira Rodriquez,Gangtok,95458
Nehru Strickland,Khammam,51331
Colton Wood,Shimla,74281
Marcia Dalton,Delhi,32219
Richard Sanford,Shimla,68481
Phyllis Sharp,Aizwal,41827
Beverly Hines,Rae Bareli,63593
Colt Brewer,Chhindwara,73609
Imogene Peters,Shimla,17478
Philip Roth,Dibrugarh,14459
Lysandra Barlow,Pondicherry,38221
Fleur Ramsey,Panjim,76841
Tiger West,Panjim,22895
Tatiana Salinas,Silvassa,34297
Fitzgerald Benson,Ranchi,31261
Vance Clements,Kanchrapara,47687
Timon Horton,Jammu,11129
Colin Cummings,Dewas,43239
Alisa Moss,Chennai,75798
Aretha Russell,Yamuna Nagar,59096
Bevis Fox,Pondicherry,37914
Stone Mathis,Karimnagar,34157
Rahim Beard,Delhi,76987
Emery Beach,Malegaon,96230
Hanna Bean,Daman,67494
Tanya Levine,Aizwal,35411
Boris Aguilar,Dehradun,85608
Rafael Roberson,Ludhiana,90511
Carolyn Hudson,Raipur,85673
Asher Dennis,Imphal,47753
Malcolm Meyer,Silvassa,17611
Natalie Mckenzie,Kanchrapara,65501
Eliana Parsons,Surendranagar,18675
Dacey Wilcox,Delhi,52942
Candace Ross,Kavaratti,69110
Charissa Hancock,Shimla,29413
Chloe Hardy,Salem,65292
Jamal Hughes,Guwahati,71298
Kasper Phillips,Gadag Betigeri,37452
Hanae Cobb,Faridabad,71683
Inez Brewer,Puri,39569
Julian Mcbride,Purulia,76747
Adria Young,Morena,69378
Zephr Duffy,Baidyabati,60330
Reese Juarez,Puri,82784
Hermione Fernandez,Mirzapur-cum-Vindhyachal,43873
Idona Bennett,Surendranagar,82624
Ora Kramer,Bhiwani,40050
Maggie Norton,Jamshedpur,46362
Debra Gilbert,Daman,12016
Asher Vazquez,Gorakhpur,96784
Victoria Leonard,Dehri,59402
Arden Reilly,Firozabad,53092
